id,composition,reduced,host,family,group_id,space_group,has_cif,doi,log_sigma,sigma_upper_bound,is_target
jqc,Li7.0Bi1.0O6.0,Li7BiO6,Bi-Li-O,hexaoxometalates,hexaoxometalates|Bi-Li-O,2,True,10.1002/zaac.200500231,-5.800000874803203,False,False
oi6,Li7.0Sb1.0O6.0,Li7SbO6,Li-O-Sb,hexaoxometalates,hexaoxometalates|Li-O-Sb,2,True,10.1021/ic030208w,-7.173925197299173,False,False
2t8,Li2.0V2.0P2.0O8.0F2.0,LiVPO4F,F-Li-O-P-V,Tavorite,Tavorite|F-Li-O-P-V,2,True,10.1016/j.ssi.2013.04.002,-6.0915149811213505,False,False
ro9,Li6.0B2.0P4.0O16.0,Li3B(PO4)2,B-Li-O-P,Borophosphates,Borophosphates|B-Li-O-P,2,True,10.1039/C3DT52917G,-11.017728766960431,False,False
7cr,Li4.0Na2.0B2.0P4.0O16.0,NaLi2B(PO4)2,B-Li-Na-O-P,Borophosphates,Borophosphates|B-Li-Na-O-P,2,True,10.1016/j.jssc.2014.11.024,-17.356547323513812,False,False
47i,Li8.0P4.0O14.0,Li4P2O7,Li-O-P,diphosphate,diphosphate|Li-O-P,2,True,10.1016/j.jssc.2013.12.015,-10.0,True,False
clt,Li6.0Cu1.0B4.0O10.0,Li6Cu(B2O5)2,B-Cu-Li-O,copper pyroborate,copper pyroborate|B-Cu-Li-O,2,True,10.1021/acs.inorgchem.8b01785,-13.0,False,False
mdp,Li14.0P6.0S22.0,Li7P3S11,Li-P-S,unknown,unknown|Li-P-S,2,True,10.1039/c3ee41655k|10.1016/j.ssi.2007.05.020|10.1016/j.ssi.2006.04.017,-2.494850021680094,False,False
ix1,Li5.46Hf12.13P18.0O72.0,Li5.46Hf12.13P18O72,Hf-Li-O-P,NASICON,NASICON|Hf-Li-O-P,167,True,10.1021/cm970078n,-6.494850021680094,False,False
ptg,Li14.0P6.0S22.0,Li7P3S11,Li-P-S,unknown,unknown|Li-P-S,2,False,10.1021/acs.chemmater.6b02163,-2.065501548756432,False,True
bq9,Li24.0Bi8.0O24.0,Li3BiO3,Bi-Li-O,oxides,oxides|Bi-Li-O,2,True,10.1016/j.ssi.2015.10.016,-9.619788758288394,False,False
skm,Li10.0Bi2.0O10.0,Li5BiO5,Bi-Li-O,oxides,oxides|Bi-Li-O,8,True,10.1016/j.ssi.2015.10.016,-8.4089353929735,False,False
pwr,Li7.22Si1.5P0.5O8.0,Li7.22Si1.5P0.5O8,Li-O-Si,LISICON,LISICON|Li-O-Si,11,True,10.1021/jacs.5b04444,-6.785156151952302,False,False
o4u,Li91.2Ge19.2P4.8S96.0,Li91.2Ge19.2P4.8S96,Ge-Li-S,thio-LISICON,thio-LISICON|Ge-Li-S,11,False,10.1149/1.1379028,-5.749579997691106,False,False
yy9,Li86.4Ge14.4P9.6S96.0,Li86.4Ge14.4P9.6S96,Ge-Li-P-S,thio-LISICON,thio-LISICON|Ge-Li-P-S,11,False,10.1149/1.1379028,-3.7569619513137056,False,False
mvq,Li81.6Ge9.6P14.4S96.0,Li81.6Ge9.6P14.4S96,Ge-Li-P-S,thio-LISICON,thio-LISICON|Ge-Li-P-S,11,False,10.1149/1.1379028,-3.184422251675733,False,False
2yl,Li80.4Ge8.4P15.6S96.0,Li80.4Ge8.4P15.6S96,Ge-Li-P-S,thio-LISICON,thio-LISICON|Ge-Li-P-S,11,False,10.1149/1.1379028,-2.812479279163537,False,False
5qm,Li79.2Ge7.2P16.8S96.0,Li79.2Ge7.2P16.8S96,Li-P-S,thio-LISICON,thio-LISICON|Li-P-S,11,False,10.1149/1.1379028,-2.7594507517174,False,False
3jh,Li78.0Ge6.0P18.0S96.0,Li13GeP3S16,Li-P-S,thio-LISICON,thio-LISICON|Li-P-S,11,False,10.1149/1.1379028,-2.657577319177794,False,False
j3x,Li76.8Ge4.8P19.2S96.0,Li76.8Ge4.8P19.2S96,Li-P-S,thio-LISICON,thio-LISICON|Li-P-S,11,False,10.1149/1.1379028,-3.2557070168773237,False,False
b4c,Li8.0Si2.0S8.0,Li4SiS4,Li-S-Si,thio-LISICON,thio-LISICON|Li-S-Si,11,True,10.1006/jssc.2002.9701,-7.798602875679548,False,False
7se,Li91.2Si19.2P4.8S96.0,Li91.2Si19.2P4.8S96,Li-S-Si,thio-LISICON,thio-LISICON|Li-S-Si,11,False,10.1006/jssc.2002.9701,-6.090979145788844,False,False
5e2,Li86.4Si14.4P9.6S96.0,Li86.4Si14.4P9.6S96,Li-P-S-Si,thio-LISICON,thio-LISICON|Li-P-S-Si,11,False,10.1006/jssc.2002.9701,-4.1432711096171175,False,False
dj2,Li81.6Si9.6P14.4S96.0,Li81.6Si9.6P14.4S96,Li-P-S-Si,thio-LISICON,thio-LISICON|Li-P-S-Si,11,False,10.1006/jssc.2002.9701,-3.1791420105603,False,False
10u,Li76.8Si4.8P19.2S96.0,Li76.8Si4.8P19.2S96,Li-P-S,thio-LISICON,thio-LISICON|Li-P-S,11,False,10.1006/jssc.2002.9701,-5.494850021680094,False,False
s3r,Li8.0Al0.66Si0.66P0.66O8.0,Li8Al0.66Si0.66P0.66O8,Li-O,LISICON,LISICON|Li-O,11,False,10.1021/acsami.6b14402,-5.488116639021126,False,False
max,Li8.5Si1.5Al0.5O8.0,Li8.5Al0.5Si1.5O8,Li-O-Si,LISICON,LISICON|Li-O-Si,11,False,10.1021/acsami.6b14402,-7.694648630553377,False,False
k5y,Li7.5Si1.5P0.5O8.0,Li7.5Si1.5P0.5O8,Li-O-Si,LISICON,LISICON|Li-O-Si,11,False,10.1021/acsami.6b14402,-6.2564902352715706,False,False
y2l,Li10.0Al2.0S8.0,Li5AlS4,Al-Li-S,thio-LISICON,thio-LISICON|Al-Li-S,11,True,10.1016/j.jssc.2017.09.018,-8.853871964321762,False,False
gl0,Li8.4Si1.6Al0.4S8.0,Li8.4Al0.4Si1.6S8,Li-S-Si,thio-LISICON,thio-LISICON|Li-S-Si,11,False,10.1006/jssc.2002.9701,-7.619788758288394,False,False
wmr,Li8.8Si1.2Al0.8S8.0,Li8.8Al0.8Si1.2S8,Al-Li-S-Si,thio-LISICON,thio-LISICON|Al-Li-S-Si,11,False,10.1006/jssc.2002.9701,-7.515700160653214,False,False
xxq,Li9.2Si0.8Al1.2S8.0,Li9.2Al1.2Si0.8S8,Al-Li-S-Si,thio-LISICON,thio-LISICON|Al-Li-S-Si,11,False,10.1006/jssc.2002.9701,-7.835647144215563,False,False
h8o,Li9.6Si0.4Al1.6S8.0,Li9.6Al1.6Si0.4S8,Al-Li-S,thio-LISICON,thio-LISICON|Al-Li-S,11,False,10.1006/jssc.2002.9701,-6.640164517660112,False,False
de5,Li6.0In2.0Cl12.0,Li3InCl6,Cl-In-Li,Halide,Halide|Cl-In-Li,12,True,10.1002/anie.201909805,-2.6903698325741012,False,False
cfy,Li4.0P4.0S12.0,LiPS3,Li-P-S,thio-LISICON,thio-LISICON|Li-P-S,12,True,10.1021/acs.inorgchem.7b00751,-10.10790539730952,False,False
na5,Li6.0Mo16.0S16.0O80.0H94.0W2.0,Li3Mo8H47W(SO5)8,H-Mo-O-S,unknown,unknown|H-Mo-O-S,12,True,10.1002/1521-3765(20020118)8:2<349::aid-chem349>3.0.co;2-5,-6.42021640338319,False,False
pe2,Li17.0Sb13.0S28.0,Li17Sb13S28,Li-S-Sb,unknown,unknown|Li-S-Sb,12,True,10.1002/chem.201502052,-8.978810700930062,False,False
opo,Li4.8Sn4.8S12.0,Li4.8Sn4.8S12,Li-S-Sn,layered,layered|Li-S-Sn,12,True,10.1039/c6ee00633g,-3.9208187539523753,False,False
elz,Li6.0Y2.0Br12.0,Li3YBr6,Br-Li-Y,halides,halides|Br-Li-Y,12,True,10.1002/adma.201803075,-2.7166987712964503,False,False
lkm,Li24.0Ge8.0O28.0,Li6Ge2O7,Ge-Li-O,unknown,unknown|Ge-Li-O,14,True,10.4028/www.scientific.net/msf.76.107,-6.070581074285707,False,False
p81,Li4.0Al4.0Cl16.0,LiAlCl4,Al-Cl-Li,halides,halides|Al-Cl-Li,14,True,10.1149/1.2133238,-6.0,False,False
bv2,Li4.0Y4.0O8.0,LiYO2,Li-O-Y,oxides,oxides|Li-O-Y,14,True,10.1016/0167-2738(81)90021-7,-7.7447274948966935,False,False
be9,Li4.0Ga4.0Br16.0,LiGaBr4,Br-Ga-Li,halides,halides|Br-Ga-Li,14,True,10.1016/s0167-2738(00)00491-4,-5.154901959985743,False,False
n27,Li4.0B4.0O8.0,LiBO2,B-Li-O,unknown,unknown|B-Li-O,14,True,10.1140/epjst/e2008-00753-4,-8.0,False,False
goi,Li4.0Cl4.0C12.0H28.0N4.0O4.0,LiH7C3NClO,C-Cl-H-Li-N-O,unknown,unknown|C-Cl-H-Li-N-O,14,True,10.1021/acs.chemmater.5b00940,-3.795880017344075,False,False
ecp,La4.0Li4.0O8.0,LiLaO2,La-Li-O,Lanthanumlithiumoxide,Lanthanumlithiumoxide|La-Li-O,14,True,10.1016/j.ssi.2015.09.001,-10.0,True,False
me3,La3.6Sr0.4Li4.0O8.0,Sr0.4Li4La3.6O8,La-Li-O,Lanthanumlithiumoxide,Lanthanumlithiumoxide|La-Li-O,14,True,10.1016/j.ssi.2015.09.001,-9.201349354554731,False,False
zs0,La4.0Li3.04Mg0.32O8.0,Li3.04La4Mg0.32O8,La-Li-O,Lanthanumlithiumoxide,Lanthanumlithiumoxide|La-Li-O,14,True,10.1016/j.ssi.2015.09.001,-9.138465589140962,False,False
lrh,Li10.0V8.0P12.0O48.0,Li5V4(PO4)6,Li-O-P-V,NASICON,NASICON|Li-O-P-V,14,True,10.1021/cm034802f,-6.721246399047171,False,False
1xt,Li8.0Sb8.0O16.0,LiSbO2,Li-O-Sb,oxides,oxides|Li-O-Sb,14,True,10.1021/ic201183e,-10.0,True,False
kbo,Li8.0Sr8.0Al4.0P12.0O48.0,Sr2Li2Al(PO4)3,Al-Li-O-P-Sr,NASICON,NASICON|Al-Li-O-P-Sr,14,True,10.1016/j.jssc.2016.08.006,-10.0,True,False
5zv,Li16.0Zn4.0P8.0O32.0,Li4Zn(PO4)2,Li-O-P-Zn,phosphates,phosphates|Li-O-P-Zn,14,True,10.1021/acs.chemmater.7b05139,-17.255707016877324,False,False
5bz,Li12.0B4.0N8.0,Li3BN2,B-Li-N,boron nitride,boron nitride|B-Li-N,14,True,10.1016/0022-4596(87)90135-6,-7.060480747381382,False,False
883,Li4.0Al4.0H16.0,LiAlH4,Al-H-Li,hydrides,hydrides|Al-H-Li,14,True,10.1063/1.3356981,-8.060480747381382,False,False
uu4,Li8.0V8.0O24.0,LiVO3,Li-O-V,oxides,oxides|Li-O-V,15,True,10.1006/jssc.2000.9009,-8.688246138944246,False,False
tws,Li24.0Zr8.0O28.0,Li6Zr2O7,Li-O-Zr,zirconates,zirconates|Li-O-Zr,15,True,10.3103/s1062873810050199,-9.2839966563652,False,False
l9v,Li36.0Al12.0F72.0,Li3AlF6,Al-F-Li,fluorides,fluorides|Al-F-Li,15,True,10.1149/2.012206eel,-6.301029995663981,False,False
t0h,Li8.0Zr4.0O12.0,Li2ZrO3,Li-O-Zr,oxides,oxides|Li-O-Zr,15,True,10.1016/0167-2738(81)90021-7,-9.214670164989233,False,False
4kt,Li8.0Cr4.0Cl16.0,Li2CrCl4,Cl-Cr-Li,halides,halides|Cl-Cr-Li,15,True,10.1016/0022-4596(88)90301-5,-10.0,True,False
xas,Li16.0Sn8.0S24.0,Li2SnS3,Li-S-Sn,sulfides,sulfides|Li-S-Sn,15,True,10.1021/cm5037524,-4.823908740944319,False,False
kfp,Li16.0Ba8.0P16.0O56.0,BaLi2P2O7,Ba-Li-O-P,pyrophosphate,pyrophosphate|Ba-Li-O-P,15,True,10.1007/s11581-014-1261-6,-16.796203144042632,False,False
qy4,Li12.0Na20.0Ti8.0S32.0,Na5Li3(TiS4)2,Li-Na-S-Ti,sulfides,sulfides|Li-Na-S-Ti,15,True,10.1016/j.jssc.2008.01.023,-5.055517327849832,False,False
00x,Li4.0Gd4.0P16.0O48.0,LiGd(PO3)4,Gd-Li-O-P,phosphates,phosphates|Gd-Li-O-P,15,True,10.1016/j.jssc.2006.06.003,-10.0,True,False
ard,Li8.0Ta16.0P8.0O64.0,LiTa2PO8,Li-O-P-Ta,oxides,oxides|Li-O-P-Ta,15,True,10.1039/c8ta09170f,-2.795880017344075,False,False
9wf,Li12.0Er4.0I24.0,Li3ErI6,Er-I-Li,halides,halides|Er-I-Li,15,True,10.1021/acsaem.0c00147,-3.1870866433571443,False,False
dmq,Li24.0Al8.0S24.0,Li3AlS3,Al-Li-S,sulfides,sulfides|Al-Li-S,15,True,10.1021/acs.chemmater.9b03230,-7.882728704344236,False,False
uox,Li7.4Zn1.4Ga0.6P4.0O16.0,Li7.4Zn1.4Ga0.6P4O16,Li-O-P-Zn,phosphates,phosphates|Li-O-P-Zn,19,True,10.1021/acs.chemmater.7b05139,-11.247951552180561,False,False
joc,Li6.0P2.0S8.0,Li3PS4,Li-P-S,thio-LISICON,thio-LISICON|Li-P-S,31,True,10.1021/ja3110895,-6.585026652029182,False,False
mq1,Li6.0Sb2.0S8.0,Li3SbS4,Li-S-Sb,thio-LISICON,thio-LISICON|Li-S-Sb,31,True,10.1016/j.ssi.2019.01.017,-8.318758762624412,False,False
ssv,Li6.0P0.4V1.6O8.0,Li6V1.6P0.4O8,Li-O-V,LISICON,LISICON|Li-O-V,31,False,10.1021/acs.chemmater.8b01504,-12.882728704344236,False,False
h6c,Li6.0V2.0O8.0,Li3VO4,Li-O-V,LISICON,LISICON|Li-O-V,31,True,10.1021/acs.chemmater.8b01504,-13.036212172654444,False,False
bsa,Li4.0Ga4.0O8.0,LiGaO2,Ga-Li-O,oxides,oxides|Ga-Li-O,33,True,10.1007/bf00549810,-13.619788758288394,False,False
mde,Li4.0B24.0O36.0F4.0,LiB6O9F,B-F-Li-O,fluorooxoborate,fluorooxoborate|B-F-Li-O,33,True,10.1002/zaac.200900056,-10.0,True,False
1e9,Li12.0Sb4.0S12.0,Li3SbS3,Li-S-Sb,sulfides,sulfides|Li-S-Sb,33,True,10.1002/zaac.201200277,-9.0,False,False
an2,Li24.0Si4.0O16.0Cl8.0,Li6Si(ClO2)2,Cl-Li-O-Si,argyrodite,argyrodite|Cl-Li-O-Si,33,True,10.1021/acs.chemmater.1c00157,-10.0,False,False
tka,Li4.0Si8.0N12.0,LiSi2N3,Li-N-Si,nitride,nitride|Li-N-Si,36,True,10.1016/0167-2738(87)90119-6,-7.209714835966758,False,False
cdk,Li8.0P4.0O8.0N4.0,Li2PNO2,Li-N-O-P,LIPON,LIPON|Li-N-O-P,36,True,10.1016/j.ssi.2012.12.013,-10.0,True,False
fwz,Li8.0Si4.0S12.0,Li2SiS3,Li-S-Si,thio-LISICON,thio-LISICON|Li-S-Si,36,True,10.1016/0025-5408(89)90053-6,-5.698970004336019,False,False
hln,Li8.0Ga16.0Ge8.0S48.0,LiGa2GeS6,Ga-Ge-Li-S,sulfides,sulfides|Ga-Ge-Li-S,43,False,10.1016/j.ssi.2014.04.015,-7.42021640338319,False,False
cy2,La1.28Li0.16Ti2.0O6.0,Li0.16La1.28Ti2O6,La-O-Ti,perovskites,perovskites|La-O-Ti,47,True,10.1016/s0167-2738(00)00761-x,-3.474955192963155,False,False
5tl,La1.24Li0.28Ti2.0O6.0,Li0.28La1.24Ti2O6,La-O-Ti,perovskites,perovskites|La-O-Ti,47,True,10.1016/s0167-2738(00)00761-x,-3.354577730650908,False,False
u2y,La1.19Li0.43Ti2.0O6.0,Li0.43La1.19Ti2O6,La-Li-O-Ti,perovskites,perovskites|La-Li-O-Ti,47,True,10.1016/s0167-2738(00)00761-x,-3.0690509688324767,False,False
ku9,Li0.4Na0.1La0.5Nb2.0O6.0,Na0.1Li0.4La0.5Nb2O6,La-Li-Nb-O,perovskites,perovskites|La-Li-Nb-O,47,True,10.1134/s002016851103006x,-5.0034883278458215,False,False
9n0,Li0.3Na0.2La0.5Nb2.0O6.0,Na0.2Li0.3La0.5Nb2O6,La-Nb-O,perovskites,perovskites|La-Nb-O,47,True,10.1134/s002016851103006x,-4.954677021213342,False,False
ozo,Li0.2Na0.3La0.5Nb2.0O6.0,Na0.3Li0.2La0.5Nb2O6,La-Nb-O,perovskites,perovskites|La-Nb-O,47,True,10.1134/s002016851103006x,-4.928117992693875,False,False
h5i,Li0.1Na0.4La0.5Nb2.0O6.0,Na0.4Li0.1La0.5Nb2O6,La-Na-Nb-O,perovskites,perovskites|La-Na-Nb-O,123,True,10.1134/s002016851103006x,-4.91721462968355,False,False
o9h,Li0.07Na0.43La0.5Nb2.0O6.0,Na0.43Li0.07La0.5Nb2O6,La-Na-Nb-O,perovskites,perovskites|La-Na-Nb-O,47,True,10.1134/s002016851103006x,-4.910094888560602,False,False
4xq,Li0.04Na0.46La0.5Nb2.0O6.0,Na0.46Li0.04La0.5Nb2O6,La-Na-Nb-O,perovskites,perovskites|La-Na-Nb-O,47,True,10.1134/s002016851103006x,-5.228412519118745,False,False
0ii,Li0.02Na0.48La0.5Nb2.0O6.0,Na0.48Li0.02La0.5Nb2O6,La-Na-Nb-O,perovskites,perovskites|La-Na-Nb-O,47,True,10.1134/s002016851103006x,-5.399027104313252,False,False
81x,Ag0.18Li0.36La1.14Ti2.0O6.0,Li0.36La1.14Ti2Ag0.18O6,La-O-Ti,perovskites,perovskites|La-O-Ti,47,False,10.1021/cm001207u,-4.0,False,False
5fj,Ag0.27Li0.27La1.14Ti2.0O6.0,Li0.27La1.14Ti2Ag0.27O6,La-O-Ti,perovskites,perovskites|La-O-Ti,47,False,10.1021/cm001207u,-4.638272163982407,False,False
0vd,Ag0.36Li0.18La1.14Ti2.0O6.0,Li0.18La1.14Ti2Ag0.36O6,La-O-Ti,perovskites,perovskites|La-O-Ti,47,False,10.1021/cm001207u,-6.698970004336019,False,False
kxh,Pr1.12Li0.68Ti2.0O6.02,Li0.68Pr1.12Ti2O6.02,Li-O-Pr-Ti,perovskites,perovskites|Li-O-Pr-Ti,47,False,10.1016/0167-2738(94)90310-7,-6.0,False,False
3we,Nd1.1Li0.68Ti2.0O6.0,Li0.68Nd1.1Ti2O6,Li-Nd-O-Ti,perovskites,perovskites|Li-Nd-O-Ti,47,False,10.1016/0167-2738(94)90310-7,-7.096910013008056,False,False
5z0,Li40.0Al8.0O32.0,Li5AlO4,Al-Li-O,oxides,oxides|Al-Li-O,61,True,10.1016/0025-5408(76)90169-0,-9.301029995663981,False,False
472,Li28.0Nd10.0Si22.0N38.0O14.0F4.0,Li14Nd5Si11N19O7F2,Li-N-Nd-O-Si,nitridosilicates,nitridosilicates|Li-N-Nd-O-Si,59,True,10.1021/ja302255d,-9.769551078621726,False,False
9zk,Li40.0Ga8.0O32.0,Li5GaO4,Ga-Li-O,oxides,oxides|Ga-Li-O,61,True,10.1016/0025-5408(76)90169-0,-8.301029995663981,False,False
dnt,Li16.0Cr8.0Ti8.0P24.0O96.0,Li2TiCr(PO4)3,Cr-Li-O-P-Ti,NASICON,NASICON|Cr-Li-O-P-Ti,61,False,10.1016/s0167-2738(96)00565-6,-6.355561410532162,False,False
g5g,Li16.0Cr8.0Zr8.0P24.0O96.0,Li2ZrCr(PO4)3,Cr-Li-O-P-Zr,NASICON,NASICON|Cr-Li-O-P-Zr,61,False,10.1016/s0167-2738(96)00565-6,-6.228412519118745,False,False
hpu,Li16.0Cr8.0Hf8.0P24.0O96.0,Li2HfCr(PO4)3,Cr-Hf-Li-O-P,NASICON,NASICON|Cr-Hf-Li-O-P,61,False,10.1016/s0167-2738(96)00565-6,-7.376750709602099,False,False
c6h,Li16.0Fe8.0Ti8.0P24.0O96.0,Li2TiFe(PO4)3,Fe-Li-O-P-Ti,NASICON,NASICON|Fe-Li-O-P-Ti,61,False,10.1016/s0167-2738(96)00565-6,-6.476253533188435,False,False
vzu,Li16.0Fe8.0Zr8.0P24.0O96.0,Li2ZrFe(PO4)3,Fe-Li-O-P-Zr,NASICON,NASICON|Fe-Li-O-P-Zr,61,False,10.1016/s0167-2738(96)00565-6,-6.841637507904751,False,False
a3e,Li16.0In8.0Hf8.0P24.0O96.0,Li2HfIn(PO4)3,Hf-In-Li-O-P,NASICON,NASICON|Hf-In-Li-O-P,61,False,10.1016/s0167-2738(96)00565-6,-7.562249437179612,False,False
ubi,Li16.0In8.0Ti8.0P24.0O96.0,Li2TiIn(PO4)3,In-Li-O-P-Ti,NASICON,NASICON|In-Li-O-P-Ti,61,False,10.1016/s0167-2738(96)00565-6,-5.080921907623926,False,False
9z8,Li16.0In8.0Zr8.0P24.0O96.0,Li2ZrIn(PO4)3,In-Li-O-P-Zr,NASICON,NASICON|In-Li-O-P-Zr,61,False,10.1016/s0167-2738(96)00565-6,-7.0851281824599495,False,False
nhq,Li12.0P4.0S16.0,Li3PS4,Li-P-S,thio-LISICON,thio-LISICON|Li-P-S,62,True,10.1021/ja3110895,-6.049148541111453,False,False
w7d,Li12.0P4.0O16.0,Li3PO4,Li-O-P,LISICON,LISICON|Li-O-P,62,True,10.1006/jssc.1995.1140,-17.3767507096021,False,False
fj5,Li13.0O16.0P3.0Si1.0,Li13SiP3O16,Li-O-P,LISICON,LISICON|Li-O-P,62,True,10.1021/jacs.5b04444,-6.347753658996677,False,False
gxz,Li8.0Zn2.0P4.0O16.0,Li4Zn(PO4)2,Li-O-P-Zn,phosphates,phosphates|Li-O-P-Zn,62,True,10.1021/acs.chemmater.7b05139,-10.0,True,False
tbu,Li7.0Zn1.0Ga1.0P4.0O16.0,Li7ZnGa(PO4)4,Li-O-P,phosphates,phosphates|Li-O-P,62,True,10.1021/acs.chemmater.7b05139,-10.0,True,False
uxo,Li11.52P4.0O14.92N0.56,Li11.52P4N0.56O14.92,Li-O-P,LISICON,LISICON|Li-O-P,62,True,10.1006/jssc.1995.1140,-12.853871964321762,False,False
e6b,Li16.0Ge4.0S16.0,Li4GeS4,Ge-Li-S,thio-LISICON,thio-LISICON|Ge-Li-S,62,True,10.1016/s0167-2738(00)00277-0,-6.698970004336019,False,False
pbz,Li15.0Ge3.0V1.0O16.0,Li15VGe3O16,Ge-Li-O,LISICON,LISICON|Ge-Li-O,62,True,10.1023/a:1026135806929,-5.247183568811729,False,False
7ek,Li14.8Ge3.4W0.6O16.0,Li14.8Ge3.4W0.6O16,Ge-Li-O,LISICON,LISICON|Ge-Li-O,62,True,10.1023/a:1026135806929,-4.42021640338319,False,False
86k,Li0.8Ca1.6Ta4.0O12.0,Li0.8Ca1.6Ta4O12,Ca-Li-O-Ta,perovskites,perovskites|Ca-Li-O-Ta,62,False,10.1016/j.solidstatesciences.2004.05.006,-8.452225294612177,False,False
2uv,Li16.0Sn4.0Se16.0,Li4SnSe4,Li-Se-Sn,Chalcogenidotetrelates,Chalcogenidotetrelates|Li-Se-Sn,62,True,10.1021/cm400541n,-4.698970004336019,False,False
kmv,Li16.0Sn4.0S16.0,Li4SnS4,Li-S-Sn,Chalcogenidotetrelates,Chalcogenidotetrelates|Li-S-Sn,62,True,10.1021/cm3011315,-4.154901959985743,False,False
n7a,Li10.0Y2.0Zr2.0Cl24.0,Li5YZrCl12,Cl-Li-Y-Zr,halides,halides|Cl-Li-Y-Zr,62,False,10.1021/acsenergylett.9b02599,-2.853871964321762,False,False
i6k,Sm2.08Li1.52Ti4.0O11.88,Li1.52Sm2.08Ti4O11.88,Li-O-Sm-Ti,perovskites,perovskites|Li-O-Sm-Ti,62,False,10.1016/0167-2738(94)90310-7,-6.698970004336019,False,False
2r7,Li12.0Cr4.0Mo12.0O48.0,Li3Cr(MoO4)3,Cr-Li-Mo-O,molybdates,molybdates|Cr-Li-Mo-O,62,True,10.1039/b301189e,-8.496209316942819,False,False
b56,Li8.0Mg8.0Mo12.0O48.0,Li2Mg2(MoO4)3,Li-Mg-Mo-O,molybdates,molybdates|Li-Mg-Mo-O,62,True,10.1039/b301189e,-10.0,True,False
mfu,Li12.0Fe4.0Mo12.0O48.0,Li3Fe(MoO4)3,Fe-Li-Mo-O,molybdates,molybdates|Fe-Li-Mo-O,62,True,10.1039/b301189e,-9.229884705212898,False,False
x94,Li16.0Si4.0S16.0,Li4SiS4,Li-S-Si,thio-LISICON,thio-LISICON|Li-S-Si,62,False,10.1016/0025-5408(89)90053-6,-7.30715308072277,False,False
kmr,Li20.0Ge1.9Si0.1P4.0S24.0,Li20Si0.1Ge1.9P4S24,Li-P-S,thio-LISICON,thio-LISICON|Li-P-S,137,False,10.1016/j.jpowsour.2014.07.159,-2.065501548756432,False,True
e6e,Li12.8Ge0.8P3.2O16.0,Li12.8Ge0.8P3.2O16,Li-O-P,LISICON,LISICON|Li-O-P,62,False,10.1021/acs.chemmater.8b01504,-5.943095148663527,False,False
ylh,Li12.8Ge0.8V3.2O16.0,Li12.8V3.2Ge0.8O16,Li-O-V,LISICON,LISICON|Li-O-V,62,False,10.1021/acs.chemmater.8b01504,-4.721246399047171,False,False
eij,Li13.6Ge1.6P2.4O16.0,Li13.6Ge1.6P2.4O16,Ge-Li-O-P,LISICON,LISICON|Ge-Li-O-P,62,False,10.1021/acs.chemmater.8b01504,-5.346787486224656,False,False
ldd,Li13.6Ge1.6V2.4O16.0,Li13.6V2.4Ge1.6O16,Ge-Li-O-V,LISICON,LISICON|Ge-Li-O-V,62,False,10.1021/acs.chemmater.8b01504,-6.051098239029787,False,False
efb,Li14.4Ge2.4P1.6O16.0,Li14.4Ge2.4P1.6O16,Ge-Li-O-P,LISICON,LISICON|Ge-Li-O-P,62,False,10.1021/acs.chemmater.8b01504,-4.958607314841775,False,False
lcm,Li14.4Ge2.4V1.6O16.0,Li14.4V1.6Ge2.4O16,Ge-Li-O-V,LISICON,LISICON|Ge-Li-O-V,62,False,10.1021/acs.chemmater.8b01504,-4.496209316942819,False,False
mgs,Li15.2Ge3.2P0.8O16.0,Li15.2Ge3.2P0.8O16,Ge-Li-O,LISICON,LISICON|Ge-Li-O,62,False,10.1021/acs.chemmater.8b01504,-5.987162775294828,False,False
31s,Li15.2Ge3.2V0.8O16.0,Li15.2V0.8Ge3.2O16,Ge-Li-O,LISICON,LISICON|Ge-Li-O,62,False,10.1021/acs.chemmater.8b01504,-5.567030709125595,False,False
dku,Li12.0P1.6V2.4O16.0,Li12V2.4P1.6O16,Li-O-P-V,LISICON,LISICON|Li-O-P-V,62,False,10.1021/acs.chemmater.8b01504,-12.449771646944907,False,False
ndx,Li12.0P2.4V1.6O16.0,Li12V1.6P2.4O16,Li-O-P-V,LISICON,LISICON|Li-O-P-V,62,False,10.1021/acs.chemmater.8b01504,-12.494850021680094,False,False
m0j,Li12.0P3.2V0.8O16.0,Li12V0.8P3.2O16,Li-O-P,LISICON,LISICON|Li-O-P,62,False,10.1021/acs.chemmater.8b01504,-12.688246138944246,False,False
9lo,Li12.0P4.0O16.0,Li3PO4,Li-O-P,LISICON,LISICON|Li-O-P,62,True,10.1021/acs.chemmater.8b01504,-12.756961951313706,False,False
dth,Li16.0Ge4.0O16.0,Li4GeO4,Ge-Li-O,LISICON,LISICON|Ge-Li-O,63,True,10.1021/acs.chemmater.8b01504,-11.886056647693163,False,False
45e,Li8.0Mg4.0Br16.0,Li2MgBr4,Br-Li-Mg,halides,halides|Br-Li-Mg,65,False,10.1002/chin.198639014|10.1149/1.2108704,-9.10790539730952,False,False
85t,La4.56Li2.32Ti8.0O24.0,Li2.32La4.56Ti8O24,La-Li-O-Ti,perovskites,perovskites|La-Li-O-Ti,65,False,10.1016/j.jpowsour.2012.11.098,-2.795880017344075,False,False
x2i,Li8.0Bi8.0O16.0,LiBiO2,Bi-Li-O,oxides,oxides|Bi-Li-O,72,True,10.1016/j.ssi.2015.10.016,-7.42021640338319,False,False
i9a,Li5.0Zn0.5P2.0S8.0,Li5Zn0.5P2S8,Li-P-S,sulfides,sulfides|Li-P-S,82,False,10.1021/acs.chemmater.7b05108,-3.0757207139381184,False,False
i47,Li2.0Zn2.0P2.0S8.0,LiZnPS4,Li-P-S-Zn,sulfides,sulfides|Li-P-S-Zn,82,True,10.1021/acs.chemmater.7b05108,-7.267606240177032,False,False
dco,Li4.0Zn1.0P2.0S8.0,Li4Zn(PS4)2,Li-P-S-Zn,sulfides,sulfides|Li-P-S-Zn,82,False,10.1021/acs.chemmater.7b05108,-3.886056647693163,False,False
tqb,Li3.0Zn1.5P2.0S8.0,Li3Zn1.5P2S8,Li-P-S-Zn,sulfides,sulfides|Li-P-S-Zn,82,False,10.1021/acs.chemmater.7b05108,-4.782516055786093,False,False
xz4,Li2.0Ce2.0Mo4.0O16.0,LiCe(MoO4)2,Ce-Li-Mo-O,molybdates,molybdates|Ce-Li-Mo-O,88,True,10.1007/s12039-011-0068-5,-7.886056647693163,False,False
hja,Li2.0Ce1.0Pr1.0Mo4.0O16.0,Li2CePr(MoO4)4,Ce-Li-Mo-O-Pr,molybdates,molybdates|Ce-Li-Mo-O-Pr,88,True,10.1007/s12039-011-0068-5,-9.0,False,False
3nb,Li2.0Ce1.0Sm1.0Mo4.0O16.0,Li2CeSm(MoO4)4,Ce-Li-Mo-O-Sm,molybdates,molybdates|Ce-Li-Mo-O-Sm,88,True,10.1007/s12039-011-0068-5,-9.744727494896694,False,False
qa9,Li6.0B2.0N4.0,Li3BN2,B-Li-N,boron nitride,boron nitride|B-Li-N,136,True,10.1016/0022-4596(87)90135-6,-9.795880017344075,False,False
ihb,Li0.66La1.12Ti1.98Al0.02O5.98F0.02,Li0.66La1.12Ti1.98Al0.02O5.98F0.02,La-Li-O-Ti,perovskites,perovskites|La-Li-O-Ti,99,False,10.1007/s11581-006-0011-9,-3.0087739243075053,False,False
3k7,Li0.66La1.12Ti1.96Al0.04O5.96F0.04,Li0.66La1.12Ti1.96Al0.04O5.96F0.04,La-Li-O-Ti,perovskites,perovskites|La-Li-O-Ti,99,False,10.1007/s11581-006-0011-9,-2.9746941347352296,False,False
1sz,Li0.66La1.12Ti1.94Al0.06O5.94F0.06,Li0.66La1.12Ti1.94Al0.06O5.94F0.06,La-Li-O-Ti,perovskites,perovskites|La-Li-O-Ti,99,False,10.1007/s11581-006-0011-9,-3.032452023781138,False,False
yh8,Li0.66La1.12Ti1.92Al0.08O5.92F0.08,Li0.66La1.12Ti1.92Al0.08O5.92F0.08,La-Li-O-Ti,perovskites,perovskites|La-Li-O-Ti,99,False,10.1007/s11581-006-0011-9,-3.2062096153091812,False,False
coh,Li0.66La1.12Ti1.9Al0.1O5.9F0.1,Li0.66La1.12Ti1.9Al0.1O5.9F0.1,La-Li-O-Ti,perovskites,perovskites|La-Li-O-Ti,99,False,10.1007/s11581-006-0011-9,-3.75448733218585,False,False
1pw,Li0.66La1.12Ti1.88Al0.12O5.88F0.12,Li0.66La1.12Ti1.88Al0.12O5.88F0.12,La-Li-O-Ti,perovskites,perovskites|La-Li-O-Ti,99,False,10.1007/s11581-006-0011-9,-3.9746941347352296,False,False
bw3,Li0.66La1.12Ti1.86Al0.14O5.86F0.14,Li0.66La1.12Ti1.86Al0.14O5.86F0.14,La-Li-O-Ti,perovskites,perovskites|La-Li-O-Ti,99,False,10.1007/s11581-006-0011-9,-3.1904402853647325,False,False
my5,Li0.66La1.12Ti1.84Al0.16O5.84F0.16,Li0.66La1.12Ti1.84Al0.16O5.84F0.16,La-Li-O-Ti,perovskites,perovskites|La-Li-O-Ti,99,False,10.1007/s11581-006-0011-9,-3.306273051076353,False,False
0lo,Li0.54La1.14Ti2.0O6.0,Li0.54La1.14Ti2O6,La-Li-O-Ti,perovskites,perovskites|La-Li-O-Ti,123,False,10.1021/cm001207u,-3.4685210829577446,False,False
hta,La1.13Li0.61Ti2.0O6.0,Li0.61La1.13Ti2O6,La-Li-O-Ti,perovskites,perovskites|La-Li-O-Ti,123,True,10.1016/s0167-2738(00)00761-x,-3.0190880622231564,False,False
s3h,La1.0Li1.0Ti2.0O6.0,LiLaTi2O6,La-Li-O-Ti,perovskites,perovskites|La-Li-O-Ti,123,True,10.1016/s0167-2738(00)00761-x,-3.0338582672609675,False,False
86o,La1.22Li0.36Ti2.0O6.0,Li0.36La1.22Ti2O6,La-O-Ti,perovskites,perovskites|La-O-Ti,123,False,10.1016/s0167-2738(98)00070-8,-3.3851027839668655,False,False
2lu,La1.1Li0.72Ti2.0O6.0,Li0.72La1.1Ti2O6,La-Li-O-Ti,perovskites,perovskites|La-Li-O-Ti,123,False,10.1016/s0167-2738(98)00070-8,-3.162411561764489,False,False
bd5,La1.08Li0.78Ti2.0O6.0,Li0.78La1.08Ti2O6,La-Li-O-Ti,perovskites,perovskites|La-Li-O-Ti,123,False,10.1016/s0167-2738(98)00070-8,-3.186419011431808,False,False
ukw,La1.04Li0.9Ti2.0O6.0,Li0.9La1.04Ti2O6,La-Li-O-Ti,perovskites,perovskites|La-Li-O-Ti,123,False,10.1016/s0167-2738(98)00070-8,-3.300162274132754,False,False
5h8,La1.16Li0.54Ti2.0O6.0,Li0.54La1.16Ti2O6,La-Li-O-Ti,perovskites,perovskites|La-Li-O-Ti,123,False,10.1016/s0167-2738(98)00070-8,-3.2225731776106885,False,False
vwy,La1.12Li0.66Ti2.0O6.0,Li0.66La1.12Ti2O6,La-Li-O-Ti,perovskites,perovskites|La-Li-O-Ti,123,True,10.1016/s0167-2738(98)00070-8,-3.175223537524454,False,False
2ha,La1.12Li0.66Ti2.0O6.0,Li0.66La1.12Ti2O6,La-Li-O-Ti,perovskites,perovskites|La-Li-O-Ti,123,False,10.1016/j.jallcom.2013.04.195,-3.7825160557860937,False,False
il5,Nd0.5Li0.5Ta2.0O6.0,Li0.5Nd0.5Ta2O6,Li-Nd-O-Ta,perovskites,perovskites|Li-Nd-O-Ta,123,False,10.1016/s0167-2738(98)00414-7,-7.882728704344236,False,False
r1m,Sm0.5Li0.5Ta2.0O6.0,Li0.5Sm0.5Ta2O6,Li-O-Sm-Ta,perovskites,perovskites|Li-O-Sm-Ta,123,False,10.1016/s0167-2738(98)00414-7,-9.364516253185087,False,False
nua,Li2.0La2.0Ti2.0O8.0,LiLaTiO4,La-Li-O-Ti,perovskites,perovskites|La-Li-O-Ti,129,True,10.4028/www.scientific.net/msf.321-324.965,-10.0,True,False
3rx,Li2.0Nd2.0Ti2.0O8.0,LiNdTiO4,Li-Nd-O-Ti,perovskites,perovskites|Li-Nd-O-Ti,129,True,10.4028/www.scientific.net/msf.321-324.965,-10.0,True,False
7e5,La2.6Li0.2Mg2.0W2.0O12.0,Li0.2La2.6Mg2W2O12,La-Mg-O-W,perovskites,perovskites|La-Mg-O-W,129,True,10.1016/j.ssi.2004.05.010,-6.7447274948966935,False,False
sib,La2.52Li0.44Mg2.0W2.0O12.0,Li0.44La2.52Mg2W2O12,La-Mg-O-W,perovskites,perovskites|La-Mg-O-W,129,True,10.1016/j.ssi.2004.05.010,-5.167491087293763,False,False
r99,La2.48Li0.56Mg2.0W2.0O12.0,Li0.56La2.48Mg2W2O12,La-Mg-O-W,perovskites,perovskites|La-Mg-O-W,129,True,10.1016/j.ssi.2004.05.010,-4.920818753952375,False,False
lol,Li8.0P2.0S8.0I2.0,Li4PS4I,I-Li-P-S,thio-LISICON,thio-LISICON|I-Li-P-S,129,True,10.1021/acs.chemmater.7b00013,-3.9208187539523753,False,False
d7f,Li12.0Bi4.0O16.0,Li3BiO4,Bi-Li-O,oxides,oxides|Bi-Li-O,136,True,10.1016/j.ssi.2015.10.016,-9.387216143280265,False,False
52b,Li20.1Ge2.1P3.9S24.0,Li20.1Ge2.1P3.9S24,Ge-Li-P-S,LGPS,LGPS|Ge-Li-P-S,137,False,10.1039/c4ta05231e,-1.9136401693252518,False,True
8po,Li20.4Ge2.4P3.6S24.0,Li20.4Ge2.4P3.6S24,Ge-Li-P-S,LGPS,LGPS|Ge-Li-P-S,137,False,10.1039/c4ta05231e,-1.8794260687941502,False,True
ya8,Li21.0Ge3.0P3.0S24.0,Li7GePS8,Ge-Li-P-S,LGPS,LGPS|Ge-Li-P-S,137,False,10.1039/c4ta05231e,-1.958607314841775,False,True
j8q,Li20.0Ge2.0P4.0S24.0,Li10Ge(PS6)2,Ge-Li-P-S,LGPS,LGPS|Ge-Li-P-S,137,True,10.1039/c4ta05231e|10.1021/acs.chemmater.7b00886,-1.91721462968355,False,True
824,Li20.7Ge2.7P3.3S24.0,Li20.7Ge2.7P3.3S24,Ge-Li-P-S,LGPS,LGPS|Ge-Li-P-S,137,True,10.1039/c4ta05231e,-1.8416375079047504,False,True
mqo,Li20.7Si2.7P3.3S24.0,Li20.7Si2.7P3.3S24,Li-P-S-Si,LGPS,LGPS|Li-P-S-Si,137,False,10.1039/c4fd00143e,-2.171984935776023,False,True
izs,Li20.85Si2.85P3.15S24.0,Li20.85Si2.85P3.15S24,Li-P-S-Si,LGPS,LGPS|Li-P-S-Si,137,False,10.1039/c4fd00143e,-2.2781893847874533,False,True
8nc,Li20.55Si2.55P3.45S24.0,Li20.55Si2.55P3.45S24,Li-P-S-Si,LGPS,LGPS|Li-P-S-Si,137,False,10.1039/c4fd00143e,-2.2479515521805613,False,True
3sx,Li20.4Si2.4P3.6S24.0,Li20.4Si2.4P3.6S24,Li-P-S-Si,LGPS,LGPS|Li-P-S-Si,137,False,10.1039/c4fd00143e,-2.3757179041643317,False,False
xga,Li20.01Sn1.98P4.02S24.0,Li20.01Sn1.98P4.02S24,Li-P-S,LGPS,LGPS|Li-P-S,137,False,10.1039/c4fd00143e,-2.4282911681913126,False,False
xn9,Li19.8Sn1.8P4.2S24.0,Li19.8Sn1.8P4.2S24,Li-P-S,LGPS,LGPS|Li-P-S,137,False,10.1039/c4fd00143e,-2.4377071355435254,False,False
sg4,Li19.71Sn1.68P4.32S24.0,Li19.71Sn1.68P4.32S24,Li-P-S,LGPS,LGPS|Li-P-S,137,False,10.1039/c4fd00143e,-2.360513510731414,False,False
ns3,Li19.62Sn1.62P4.38S24.0,Li19.62Sn1.62P4.38S24,Li-P-S,LGPS,LGPS|Li-P-S,137,False,10.1039/c4fd00143e,-2.3045183235098023,False,True
g8j,Li19.56Sn1.56P4.44S24.0,Li19.56Sn1.56P4.44S24,Li-P-S,LGPS,LGPS|Li-P-S,137,False,10.1039/c4fd00143e,-2.343901797987168,False,False
bim,Li19.5Sn1.5P4.5S24.0,Li19.5Sn1.5P4.5S24,Li-P-S,LGPS,LGPS|Li-P-S,137,False,10.1039/c4fd00143e,-2.4436974992327127,False,False
02p,Li20.0Si2.0P4.0S24.0,Li10Si(PS6)2,Li-P-S-Si,LGPS,LGPS|Li-P-S-Si,137,False,10.1149/2.0501412jes,-2.638272163982407,False,False
9lx,Li20.0Sn2.0P4.0S24.0,Li10Sn(PS6)2,Li-P-S-Sn,LGPS,LGPS|Li-P-S-Sn,137,True,10.1021/ja407393y,-2.154901959985743,False,True
mtn,Li20.0Ge2.0P4.0S24.0,Li10Ge(PS6)2,Ge-Li-P-S,LGPS,LGPS|Ge-Li-P-S,137,True,10.1021/acs.chemmater.8b00266,-1.609064892896621,False,True
9rc,Li20.0Ge1.55Sn0.45P4.0S24.0,Li20Sn0.45Ge1.55P4S24,Li-P-S,LGPS,LGPS|Li-P-S,137,True,10.1021/acs.chemmater.8b00266,-1.85078088734462,False,True
13q,Li20.0Sn2.0P4.0S24.0,Li10Sn(PS6)2,Li-P-S-Sn,LGPS,LGPS|Li-P-S-Sn,137,True,10.1021/acs.chemmater.8b00266,-2.4001169279263124,False,False
ik8,Li20.0Ge0.83Sn1.17P4.0S24.0,Li20Sn1.17Ge0.83P4S24,Li-P-S,LGPS,LGPS|Li-P-S,137,True,10.1021/acs.chemmater.8b00266,-2.1290111862394245,False,True
nip,Li19.62Sn1.62P4.38S24.0,Li19.62Sn1.62P4.38S24,Li-P-S,LGPS,LGPS|Li-P-S,137,True,10.1107/s2052520615022283,-2.2596373105057563,False,True
1hh,Li20.0Ge2.0P4.0S24.0,Li10Ge(PS6)2,Ge-Li-P-S,LGPS,LGPS|Ge-Li-P-S,137,False,10.1038/nmat3066,-1.9208187539523751,False,True
8ub,Li21.0Sn0.6Si2.4P3.0S24.0,Li21Si2.4Sn0.6P3S24,Li-P-S-Si,LGPS,LGPS|Li-P-S-Si,137,True,10.1021/acs.chemmater.7b00886,-2.0560111249262283,False,True
7tu,Li20.4Sn0.48Si1.92P3.6S24.0,Li20.4Si1.92Sn0.48P3.6S24,Li-P-S,LGPS,LGPS|Li-P-S,137,True,10.1021/acs.chemmater.7b00886,-2.106793246940152,False,True
ui6,Li20.7Sn0.54Si2.16P3.3S24.0,Li20.7Si2.16Sn0.54P3.3S24,Li-P-S-Si,LGPS,LGPS|Li-P-S-Si,137,True,10.1021/acs.chemmater.7b00886,-1.958607314841775,False,True
nkr,Li20.0Ge2.0P4.0S24.0,Li10Ge(PS6)2,Ge-Li-P-S,LGPS,LGPS|Ge-Li-P-S,137,False,10.1016/j.ssi.2017.01.014,-2.844663962534938,False,False
906,Li19.6Ba0.2Ge2.0P4.0S24.0,Ba0.2Li19.6Ge2P4S24,Ge-Li-P-S,LGPS,LGPS|Ge-Li-P-S,137,False,10.1016/j.ssi.2017.01.014,-3.251037138743839,False,False
fnu,Li19.2Ba0.4Ge2.0P4.0S24.0,Ba0.4Li19.2Ge2P4S24,Ge-Li-P-S,LGPS,LGPS|Ge-Li-P-S,137,False,10.1016/j.ssi.2017.01.014,-3.2426039712069756,False,False
pfi,Li18.8Ba0.6Ge2.0P4.0S24.0,Ba0.6Li18.8Ge2P4S24,Ge-Li-P-S,LGPS,LGPS|Ge-Li-P-S,137,False,10.1016/j.ssi.2017.01.014,-3.1505805862031004,False,False
f0h,Li18.4Ba0.8Ge2.0P4.0S24.0,Ba0.8Li18.4Ge2P4S24,Ge-Li-P-S,LGPS,LGPS|Ge-Li-P-S,137,False,10.1016/j.ssi.2017.01.014,-3.500312917381596,False,False
7iw,Li18.0Ba1.0Ge2.0P4.0S24.0,BaLi18Ge2(PS6)4,Ge-Li-P-S,LGPS,LGPS|Ge-Li-P-S,137,False,10.1016/j.ssi.2017.01.014,-4.000869458712629,False,False
ikh,Li19.2P6.0S24.0,Li19.2P6S24,Li-P-S,LGPS,LGPS|Li-P-S,137,False,10.1038/nenergy.2016.30,-2.9208187539523753,False,False
hd3,Li14.0Ge2.0P2.0S16.0,Li7GePS8,Ge-Li-P-S,LGPS,LGPS|Ge-Li-P-S,137,False,10.1039/c3ee41728j,-2.154901959985743,False,True
ete,Li19.08Si3.48P2.88S23.4Cl0.6,Li19.08Si3.48P2.88S23.4Cl0.6,Li-P-S-Si,LGPS,LGPS|Li-P-S-Si,137,False,10.1038/nenergy.2016.30,-1.6020599913279623,False,True
k4x,Li20.7Si2.7P3.3S24.0,Li20.7Si2.7P3.3S24,Li-P-S-Si,LGPS,LGPS|Li-P-S-Si,137,True,10.1107/s2052520615022283,-2.1870866433571443,False,True
ia5,Li2.0La2.0Nb4.0O14.0,LiLaNb2O7,La-Li-Nb-O,perovskites,perovskites|La-Li-Nb-O,139,True,10.1016/0925-8388(93)90192-p,-8.0,True,False
xq3,Li4.0Sr3.0Nb5.77Fe0.23O19.77,Sr3Li4Nb5.77Fe0.23O19.77,Li-Nb-O-Sr,perovskites,perovskites|Li-Nb-O-Sr,139,True,10.1021/cm980736j,-10.0,True,False
wgw,Li4.0Sr3.0Nb6.0O20.0,Sr3Li4Nb6O20,Li-Nb-O-Sr,perovskites,perovskites|Li-Nb-O-Sr,139,True,10.1021/cm980736j,-10.0,True,False
sg0,Li4.0Sc4.0O8.0,LiScO2,Li-O-Sc,oxides,oxides|Li-O-Sc,141,True,10.2320/matertrans.y-m2016816,-10.0,True,False
97b,Li3.6Sc3.6Zr0.4O8.0,Li3.6Zr0.4Sc3.6O8,Li-O-Sc,oxides,oxides|Li-O-Sc,141,True,10.2320/matertrans.y-m2016816,-10.0,True,False
ipo,Li56.0La24.0Hf16.0O96.0,Li7La3Hf2O12,Hf-La-Li-O,garnet,garnet|Hf-La-Li-O,142,True,10.1016/j.jssc.2009.10.030,-6.006563769502388,False,False
wyu,Li56.0La24.0Zr16.0O96.0,Li7La3Zr2O12,La-Li-O-Zr,garnet,garnet|La-Li-O-Zr,142,True,10.1016/j.jssc.2009.05.020,-5.787812395596042,False,False
bnu,Li18.0Ga9.0Al9.0Ge18.0O72.0,Li2AlGa(GeO4)2,Al-Ga-Ge-Li-O,oxides,oxides|Al-Ga-Ge-Li-O,146,True,10.1149/2.1111610jes,-10.0,True,False
kxw,Li18.0Al18.0Ge18.0O72.0,LiAlGeO4,Al-Ge-Li-O,oxides,oxides|Al-Ge-Li-O,146,True,10.1149/2.1111610jes,-10.0,True,False
um1,Li18.0Ga18.0Ge18.0O72.0,LiGaGeO4,Ga-Ge-Li-O,oxides,oxides|Ga-Ge-Li-O,167,True,10.1149/2.1111610jes,-10.0,True,False
019,Li6.0Ti12.0P18.0O72.0,LiTi2(PO4)3,Li-O-P-Ti,NASICON,NASICON|Li-O-P-Ti,168,True,10.1021/ic400577v,-3.7931741239681505,False,False
yqu,Li7.2Ti10.8Al1.2P18.0O72.0,Li7.2Ti10.8Al1.2P18O72,Li-O-P-Ti,NASICON,NASICON|Li-O-P-Ti,148,True,10.1021/ic400577v,-2.3169529617611504,False,False
95j,Li18.0Al6.0H36.0,Li3AlH6,Al-H-Li,hydrides,hydrides|Al-H-Li,148,True,10.1063/1.3356981,-6.853871964321762,False,False
l2w,Li3.33Mg0.33P2.0S6.0,Li3.33Mg0.33P2S6,Li-P-S,thio-phosphate,thio-phosphate|Li-P-S,162,True,10.1016/s0167-2738(02)00007-3,-7.086186147616283,False,False
ob9,Li2.67Mg0.67P2.0S6.0,Li2.67Mg0.67P2S6,Li-Mg-P-S,thio-phosphate,thio-phosphate|Li-Mg-P-S,162,True,10.1016/s0167-2738(02)00007-3,-5.3979400086720375,False,False
0iv,Li4.0P2.0S6.0,Li2PS3,Li-P-S,thio-phosphate,thio-phosphate|Li-P-S,162,True,10.1016/j.ssi.2015.10.015,-6.623423042943488,False,False
2ro,Li4.0P2.0S6.0,Li2PS3,Li-P-S,thio-phosphate,thio-phosphate|Li-P-S,162,False,10.1021/acs.chemmater.6b04175,-9.795880017344075,False,False
ei3,Li9.0Y3.0Cl18.0,Li3YCl6,Cl-Li-Y,halides,halides|Cl-Li-Y,164,True,10.1002/adma.201803075,-3.2684112348132612,False,False
deu,Li8.8Al0.8Ge1.2S8.0,Li8.8Al0.8Ge1.2S8,Al-Ge-Li-S,sulfides,sulfides|Al-Ge-Li-S,164,True,10.1021/acs.chemmater.8b03175,-4.366531544420414,False,False
usu,Li8.8Al0.8Sn1.2S8.0,Li8.8Al0.8Sn1.2S8,Al-Li-S-Sn,sulfides,sulfides|Al-Li-S-Sn,164,True,10.1021/acs.chemmater.8b03175,-5.366531544420414,False,False
ur9,Li6.0Zr12.0P18.0O72.0,LiZr2(PO4)3,Li-O-P-Zr,NASICON,NASICON|Li-O-P-Zr,167,True,10.1016/0025-5408(86)90194-7,-9.0,False,False
0o6,Li7.2Ti10.8Sc1.2P18.0O72.0,Li7.2Sc1.2Ti10.8P18O72,Li-O-P-Ti,unknown,unknown|Li-O-P-Ti,167,True,10.1021/acs.inorgchem.6b02274,-4.000869458712629,False,False
a3l,Li6.0Hf12.0P18.0O72.0,LiHf2(PO4)3,Hf-Li-O-P,NASICON,NASICON|Hf-Li-O-P,167,False,10.1002/chin.199345017,-6.54821356447571,False,False
4ba,Li6.0Ge12.0P18.0O72.0,LiGe2(PO4)3,Ge-Li-O-P,NASICON,NASICON|Ge-Li-O-P,167,True,10.1002/chin.199345017,-6.47755576649368,False,False
qea,Li6.0Ti12.0P18.0O72.0,LiTi2(PO4)3,Li-O-P-Ti,NASICON,NASICON|Li-O-P-Ti,167,False,10.1149/1.2086597,-5.698970004336019,False,False
ldx,Li6.0Ge12.0P18.0O72.0,LiGe2(PO4)3,Ge-Li-O-P,NASICON,NASICON|Ge-Li-O-P,167,True,10.1021/acsami.8b00842,-8.316052869248487,False,False
0fh,Li7.2Al1.2Ge10.8P18.0O72.0,Li7.2Al1.2Ge10.8P18O72,Ge-Li-O-P,NASICON,NASICON|Ge-Li-O-P,167,True,10.1021/acsami.8b00842,-4.316052869248487,False,False
gw2,Li8.4Al2.4Ge9.6P18.0O72.0,Li8.4Al2.4Ge9.6P18O72,Ge-Li-O-P,NASICON,NASICON|Ge-Li-O-P,167,True,10.1021/acsami.8b00842,-3.72584215073632,False,False
1xf,Li9.0Al3.0Ge9.0P18.0O72.0,Li3AlGe3(PO4)6,Ge-Li-O-P,NASICON,NASICON|Ge-Li-O-P,167,True,10.1021/acsami.8b00842,-3.473660722610156,False,False
tjh,Li10.2Al4.2Ge7.8P18.0O72.0,Li10.2Al4.2Ge7.8P18O72,Ge-Li-O-P,NASICON,NASICON|Ge-Li-O-P,167,True,10.1021/acsami.8b00842,-3.5783960731301687,False,False
8fn,Li10.8Al4.8Ge7.2P18.0O72.0,Li10.8Al4.8Ge7.2P18O72,Al-Ge-Li-O-P,NASICON,NASICON|Al-Ge-Li-O-P,167,True,10.1021/acsami.8b00842,-3.8632794328435933,False,False
mdj,Li7.2Ti12.0Si1.2P16.8O72.0,Li7.2Ti12Si1.2P16.8O72,Li-O-P-Ti,NASICON,NASICON|Li-O-P-Ti,167,False,10.1149/1.2086597,-4.0655015487564325,False,False
t1l,Li7.8Ti12.0Si1.8P16.2O72.0,Li7.8Ti12Si1.8P16.2O72,Li-O-P-Ti,NASICON,NASICON|Li-O-P-Ti,167,False,10.1149/1.2086597,-3.494850021680094,False,False
my9,Li7.2Al1.2Ti10.8P18.0O72.0,Li7.2Ti10.8Al1.2P18O72,Li-O-P-Ti,NASICON,NASICON|Li-O-P-Ti,167,True,10.1149/1.2086597,-3.2254830342714502,False,False
9s4,Li7.8Al1.8Ti10.2P18.0O72.0,Li7.8Ti10.2Al1.8P18O72,Li-O-P-Ti,NASICON,NASICON|Li-O-P-Ti,167,True,10.1149/1.2086597,-3.141462802430361,False,False
iqt,Li8.4Al2.4Ti9.6P18.0O72.0,Li8.4Ti9.6Al2.4P18O72,Li-O-P-Ti,NASICON,NASICON|Li-O-P-Ti,167,True,10.1149/1.2086597,-3.4111682744057927,False,False
xa0,Li9.0Al3.0Ti9.0P18.0O72.0,Li3Ti3Al(PO4)6,Li-O-P-Ti,NASICON,NASICON|Li-O-P-Ti,167,True,10.1149/1.2086597,-3.6055483191737836,False,False
f4x,Li7.2Cr1.2Ti10.8P18.0O72.0,Li7.2Ti10.8Cr1.2P18O72,Li-O-P-Ti,NASICON,NASICON|Li-O-P-Ti,167,False,10.1149/1.2086597,-4.739928612014925,False,False
txm,Li7.8Cr1.8Ti10.2P18.0O72.0,Li7.8Ti10.2Cr1.8P18O72,Li-O-P-Ti,NASICON,NASICON|Li-O-P-Ti,167,False,10.1149/1.2086597,-4.454692883534176,False,False
v1t,Li8.4Cr2.4Ti9.6P18.0O72.0,Li8.4Ti9.6Cr2.4P18O72,Li-O-P-Ti,NASICON,NASICON|Li-O-P-Ti,167,False,10.1149/1.2086597,-3.826813731587726,False,False
d6b,Li9.0Cr3.0Ti9.0P18.0O72.0,Li3Ti3Cr(PO4)6,Li-O-P-Ti,NASICON,NASICON|Li-O-P-Ti,167,False,10.1149/1.2086597,-3.413412695328245,False,False
x9a,Li7.2Ga1.2Ti10.8P18.0O72.0,Li7.2Ti10.8Ga1.2P18O72,Li-O-P-Ti,NASICON,NASICON|Li-O-P-Ti,167,False,10.1149/1.2086597,-3.7904849854573692,False,False
3ta,Li7.8Ga1.8Ti10.2P18.0O72.0,Li7.8Ti10.2Ga1.8P18O72,Li-O-P-Ti,NASICON,NASICON|Li-O-P-Ti,167,False,10.1149/1.2086597,-3.583359492661719,False,False
gjy,Li8.4Ga2.4Ti9.6P18.0O72.0,Li8.4Ti9.6Ga2.4P18O72,Li-O-P-Ti,NASICON,NASICON|Li-O-P-Ti,167,False,10.1149/1.2086597,-3.8927900303521317,False,False
lz8,Li9.0Ga3.0Ti9.0P18.0O72.0,Li3Ti3Ga(PO4)6,Li-O-P-Ti,NASICON,NASICON|Li-O-P-Ti,167,False,10.1149/1.2086597,-3.9136401693252516,False,False
6st,Li7.2Fe1.2Ti10.8P18.0O72.0,Li7.2Ti10.8Fe1.2P18O72,Li-O-P-Ti,NASICON,NASICON|Li-O-P-Ti,167,False,10.1149/1.2086597,-3.744727494896694,False,False
t9r,Li7.8Fe1.8Ti10.2P18.0O72.0,Li7.8Ti10.2Fe1.8P18O72,Li-O-P-Ti,NASICON,NASICON|Li-O-P-Ti,167,False,10.1149/1.2086597,-3.6090648928966207,False,False
xr7,Li8.4Fe2.4Ti9.6P18.0O72.0,Li8.4Ti9.6Fe2.4P18O72,Li-O-P-Ti,NASICON,NASICON|Li-O-P-Ti,167,False,10.1149/1.2086597,-3.406713932979543,False,False
pg8,Li9.0Fe3.0Ti9.0P18.0O72.0,Li3Ti3Fe(PO4)6,Li-O-P-Ti,NASICON,NASICON|Li-O-P-Ti,167,True,10.1149/1.2086597,-3.7594507517174,False,False
1wm,Li7.2Sc1.2Ti10.8P18.0O72.0,Li7.2Sc1.2Ti10.8P18O72,Li-O-P-Ti,NASICON,NASICON|Li-O-P-Ti,167,False,10.1149/1.2086597,-3.161150909262745,False,False
do2,Li7.8Sc1.8Ti10.2P18.0O72.0,Li7.8Sc1.8Ti10.2P18O72,Li-O-P-Ti,NASICON,NASICON|Li-O-P-Ti,167,False,10.1149/1.2086597,-3.153044674980176,False,False
uaj,Li8.4Sc2.4Ti9.6P18.0O72.0,Li8.4Sc2.4Ti9.6P18O72,Li-O-P-Ti,NASICON,NASICON|Li-O-P-Ti,167,False,10.1149/1.2086597,-3.288192770958809,False,False
5u3,Li7.2In1.2Ti10.8P18.0O72.0,Li7.2Ti10.8In1.2P18O72,Li-O-P-Ti,NASICON,NASICON|Li-O-P-Ti,167,False,10.1149/1.2086597,-3.408935392973501,False,False
2eq,Li7.8In1.8Ti10.2P18.0O72.0,Li7.8Ti10.2In1.8P18O72,Li-O-P-Ti,NASICON,NASICON|Li-O-P-Ti,167,False,10.1149/1.2086597,-3.4056074496245734,False,False
yn6,Li8.4In2.4Ti9.6P18.0O72.0,Li8.4Ti9.6In2.4P18O72,Li-O-P-Ti,NASICON,NASICON|Li-O-P-Ti,167,False,10.1149/1.2086597,-3.5199930570428495,False,False
8jy,Li9.0In3.0Ti9.0P18.0O72.0,Li3Ti3In(PO4)6,Li-O-P-Ti,NASICON,NASICON|Li-O-P-Ti,167,False,10.1149/1.2086597,-3.6903698325741012,False,False
p4l,Li7.2La1.2Ti10.8P18.0O72.0,Li7.2La1.2Ti10.8P18O72,Li-O-P-Ti,NASICON,NASICON|Li-O-P-Ti,167,False,10.1149/1.2086597,-4.096910013008056,False,False
qkr,Li7.8La1.8Ti10.2P18.0O72.0,Li7.8La1.8Ti10.2P18O72,Li-O-P-Ti,NASICON,NASICON|Li-O-P-Ti,167,False,10.1149/1.2086597,-3.281498311132726,False,False
e0z,Li8.4La2.4Ti9.6P18.0O72.0,Li8.4La2.4Ti9.6P18O72,Li-O-P-Ti,NASICON,NASICON|Li-O-P-Ti,167,False,10.1149/1.2086597,-3.3027706572402824,False,False
vus,Li9.0La3.0Ti9.0P18.0O72.0,Li3LaTi3(PO4)6,Li-O-P-Ti,NASICON,NASICON|Li-O-P-Ti,167,False,10.1149/1.2086597,-3.55129368009492,False,False
h7r,Li6.0Ti8.4Sn3.6P18.0O72.0,Li6Ti8.4Sn3.6P18O72,Li-O-P-Ti,NASICON,NASICON|Li-O-P-Ti,167,True,10.1016/j.physb.2011.11.006,-4.642065152999546,False,False
9ky,Li6.0Ti3.6Sn8.4P18.0O72.0,Li6Ti3.6Sn8.4P18O72,Li-O-P-Sn,NASICON,NASICON|Li-O-P-Sn,167,True,10.1016/j.physb.2011.11.006,-5.025949097207123,False,False
4ea,Li6.0Ti2.4Sn9.6P18.0O72.0,Li6Ti2.4Sn9.6P18O72,Li-O-P-Sn,NASICON,NASICON|Li-O-P-Sn,167,True,10.1016/j.physb.2011.11.006,-5.501689446210399,False,False
z7n,Li5.16Hf12.21P18.0O72.0,Li5.16Hf12.21P18O72,Hf-Li-O-P,NASICON,NASICON|Hf-Li-O-P,167,True,10.1021/cm970078n,-7.036212172654444,False,False
7kf,Li10.2Al1.8Ti9.6P18.0O72.0,Li10.2Ti9.6Al1.8P18O72,Li-O-P-Ti,NASICON,NASICON|Li-O-P-Ti,167,False,10.1016/s0167-2738(00)00493-8,-2.9136401693252516,False,False
i8k,Li7.2In1.2Ti10.8P18.0O72.0,Li7.2Ti10.8In1.2P18O72,Li-O-P-Ti,NASICON,NASICON|Li-O-P-Ti,167,False,10.1021/cm030422i,-4.0851281824599495,False,False
hzf,Li7.8Al1.2Sc0.6Ti10.2P18.0O72.0,Li7.8Sc0.6Ti10.2Al1.2P18O72,Li-O-P-Ti,NASICON,NASICON|Li-O-P-Ti,167,False,10.1016/j.ssi.2012.03.045,-3.0123337350737254,False,False
x61,Li7.8Al0.9Sc0.9Ti10.2P18.0O72.0,Li7.8Sc0.9Ti10.2Al0.9P18O72,Li-O-P-Ti,NASICON,NASICON|Li-O-P-Ti,167,False,10.1016/j.ssi.2012.03.045,-2.906578314837765,False,False
czo,Li7.8Al0.6Sc1.2Ti10.2P18.0O72.0,Li7.8Sc1.2Ti10.2Al0.6P18O72,Li-O-P-Ti,NASICON,NASICON|Li-O-P-Ti,167,False,10.1016/j.ssi.2012.03.045,-3.3675427078152755,False,False
o8s,Li7.8Sc1.8Ti10.2P18.0O72.0,Li7.8Sc1.8Ti10.2P18O72,Li-O-P-Ti,NASICON,NASICON|Li-O-P-Ti,167,False,10.1016/j.ssi.2012.03.045,-3.344861565188618,False,False
lap,Li7.8Al1.8Ti10.2P18.0O72.0,Li7.8Ti10.2Al1.8P18O72,Li-O-P-Ti,NASICON,NASICON|Li-O-P-Ti,167,True,10.1016/j.ssi.2012.03.045,-2.9469215565165805,False,False
yp3,Li6.0Ti12.0P18.0O72.0,LiTi2(PO4)3,Li-O-P-Ti,NASICON,NASICON|Li-O-P-Ti,167,False,10.1016/j.ssi.2014.07.018,-4.221848749616356,False,False
tzl,Li6.3Al0.3Ti11.7P18.0O72.0,Li6.3Ti11.7Al0.3P18O72,Li-O-P-Ti,NASICON,NASICON|Li-O-P-Ti,167,False,10.1016/j.ssi.2014.07.018,-2.958607314841775,False,False
hyj,Li6.6Al0.6Ti11.4P18.0O72.0,Li6.6Ti11.4Al0.6P18O72,Li-O-P-Ti,NASICON,NASICON|Li-O-P-Ti,167,False,10.1016/j.ssi.2014.07.018,-3.1739251972991736,False,False
mg4,Li7.8Al1.8Ti10.2P18.0O72.0,Li7.8Ti10.2Al1.8P18O72,Li-O-P-Ti,NASICON,NASICON|Li-O-P-Ti,167,True,10.1016/j.ssi.2014.07.018,-2.207608310501746,False,True
50s,Li8.4Al2.4Ti9.6P18.0O72.0,Li8.4Ti9.6Al2.4P18O72,Li-O-P-Ti,NASICON,NASICON|Li-O-P-Ti,167,False,10.1016/j.ssi.2014.07.018,-2.4814860601221125,False,False
d4q,Li6.3Cr0.3Ti11.7P18.0O72.0,Li6.3Ti11.7Cr0.3P18O72,Li-O-P-Ti,NASICON,NASICON|Li-O-P-Ti,167,False,10.1016/j.ssi.2014.07.018,-3.744727494896694,False,False
6he,Li6.6Cr0.6Ti11.4P18.0O72.0,Li6.6Ti11.4Cr0.6P18O72,Li-O-P-Ti,NASICON,NASICON|Li-O-P-Ti,167,False,10.1016/j.ssi.2014.07.018,-3.5850266520291822,False,False
pwy,Li7.2Cr1.2Ti10.8P18.0O72.0,Li7.2Ti10.8Cr1.2P18O72,Li-O-P-Ti,NASICON,NASICON|Li-O-P-Ti,167,False,10.1016/j.ssi.2014.07.018,-3.3665315444204134,False,False
y9l,Li7.8Cr1.8Ti10.2P18.0O72.0,Li7.8Ti10.2Cr1.8P18O72,Li-O-P-Ti,NASICON,NASICON|Li-O-P-Ti,167,False,10.1016/j.ssi.2014.07.018,-3.537602002101044,False,False
rc1,Li6.3Fe0.3Ti11.7P18.0O72.0,Li6.3Ti11.7Fe0.3P18O72,Li-O-P-Ti,NASICON,NASICON|Li-O-P-Ti,167,False,10.1016/j.ssi.2014.07.018,-3.886056647693163,False,False
lzt,Li6.6Fe0.6Ti11.4P18.0O72.0,Li6.6Ti11.4Fe0.6P18O72,Li-O-P-Ti,NASICON,NASICON|Li-O-P-Ti,167,False,10.1016/j.ssi.2014.07.018,-3.2006594505464183,False,False
kbp,Li7.2Fe1.2Ti10.8P18.0O72.0,Li7.2Ti10.8Fe1.2P18O72,Li-O-P-Ti,NASICON,NASICON|Li-O-P-Ti,167,False,10.1016/j.ssi.2014.07.018,-2.853871964321762,False,False
b9u,Li7.8Fe1.8Ti10.2P18.0O72.0,Li7.8Ti10.2Fe1.8P18O72,Li-O-P-Ti,NASICON,NASICON|Li-O-P-Ti,167,False,10.1016/j.ssi.2014.07.018,-2.638272163982407,False,False
3uq,Li7.8Al1.8Ge10.2P18.0O72.0,Li7.8Al1.8Ge10.2P18O72,Ge-Li-O-P,NASICON,NASICON|Ge-Li-O-P,167,True,10.1021/acsami.8b00842,-4.084072788302884,False,False
1dm,Li9.6Al3.6Ge8.4P18.0O72.0,Li9.6Al3.6Ge8.4P18O72,Ge-Li-O-P,NASICON,NASICON|Ge-Li-O-P,167,True,10.1021/acsami.8b00842,-3.5466816599529625,False,False
rg6,Li8.4Al2.4Ti9.6P18.0O72.0,Li8.4Ti9.6Al2.4P18O72,Li-O-P-Ti,NASICON,NASICON|Li-O-P-Ti,167,False,10.1016/j.jeurceramsoc.2014.11.023,-2.4710832997223453,False,False
ed4,Li7.2Al1.2Ge10.8P18.0O72.0,Li7.2Al1.2Ge10.8P18O72,Ge-Li-O-P,NASICON,NASICON|Ge-Li-O-P,167,False,10.1016/j.jeurceramsoc.2014.11.023,-4.100179497572904,False,False
vg0,Li9.0Al3.0Ge9.0P18.0O72.0,Li3AlGe3(PO4)6,Ge-Li-O-P,NASICON,NASICON|Ge-Li-O-P,167,True,10.1016/j.jeurceramsoc.2014.11.023,-3.721246399047171,False,False
z9y,Li7.2Al1.2Ti10.8P18.0O72.0,Li7.2Ti10.8Al1.2P18O72,Li-O-P-Ti,NASICON,NASICON|Li-O-P-Ti,167,True,10.1016/j.jeurceramsoc.2014.11.023,-2.4710832997223453,False,False
w3n,Li8.4Al2.4Ti9.6P18.0O72.0,Li8.4Ti9.6Al2.4P18O72,Li-O-P-Ti,NASICON,NASICON|Li-O-P-Ti,167,False,10.1016/j.materresbull.2007.08.007,-2.9507819773298185,False,False
ym6,Li7.8Al1.8Ti10.2P18.0O72.0,Li7.8Ti10.2Al1.8P18O72,Li-O-P-Ti,NASICON,NASICON|Li-O-P-Ti,167,True,10.1016/j.ssi.2014.07.018|10.1016/j.ssi.2016.07.010,-2.91721462968355,False,False
nng,Li9.6Al3.6Ge4.8P18.0Ti3.6O72.0,Li9.6Ti3.6Al3.6Ge4.8P18O72,Ge-Li-O-P,NASICON,NASICON|Ge-Li-O-P,167,False,10.1021/cm021717j,-3.154901959985743,False,False
qno,Li6.0Ti12.0P18.0O72.0,LiTi2(PO4)3,Li-O-P-Ti,NASICON,NASICON|Li-O-P-Ti,167,True,10.1021/jp973296c,-6.416801226031377,False,False
oxc,Li8.4Al2.4Ti9.6P18.0O72.0,Li8.4Ti9.6Al2.4P18O72,Li-O-P-Ti,NASICON,NASICON|Li-O-P-Ti,167,False,10.1039/c5ta08545d,-2.2494916051486538,False,True
dq4,Li7.8Al0.6Sc1.2Ti10.2P18.0O72.0,Li7.8Sc1.2Ti10.2Al0.6P18O72,Li-O-P-Ti,NASICON,NASICON|Li-O-P-Ti,167,False,10.1007/s10008-012-1780-x,-3.370590400897281,False,False
0fa,Li7.8Al1.2Sc0.6Ti10.2P18.0O72.0,Li7.8Sc0.6Ti10.2Al1.2P18O72,Li-O-P-Ti,NASICON,NASICON|Li-O-P-Ti,167,False,10.1007/s10008-012-1780-x,-3.570247719997592,False,False
rr5,Li6.0Ti12.0P18.0O72.0,LiTi2(PO4)3,Li-O-P-Ti,NASICON,NASICON|Li-O-P-Ti,167,True,10.1007/s11164-013-1348-0,-4.142667503568732,False,False
6j9,Li6.9Fe0.9Ti11.1P18.0O72.0,Li6.9Ti11.1Fe0.9P18O72,Li-O-P-Ti,NASICON,NASICON|Li-O-P-Ti,167,False,10.1007/s11164-013-1348-0,-3.282329496997738,False,False
0x9,Li7.2Sc1.2Ti10.8P18.0O72.0,Li7.2Sc1.2Ti10.8P18O72,Li-O-P-Ti,NASICON,NASICON|Li-O-P-Ti,167,False,10.1016/0167-2738(86)90179-7,-3.6090648928966207,False,False
iwe,Li7.8Sc1.8Ti10.2P18.0O72.0,Li7.8Sc1.8Ti10.2P18O72,Li-O-P-Ti,NASICON,NASICON|Li-O-P-Ti,167,False,10.1016/0167-2738(86)90179-7,-3.39040559077478,False,False
ib2,Li6.6Sc0.6Ti11.4P18.0O72.0,Li6.6Sc0.6Ti11.4P18O72,Li-O-P-Ti,NASICON,NASICON|Li-O-P-Ti,167,False,10.1016/0167-2738(86)90179-7,-3.8013429130455774,False,False
ppz,Li7.8In1.8Hf10.2P18.0O72.0,Li7.8Hf10.2In1.8P18O72,Hf-Li-O-P,NASICON,NASICON|Hf-Li-O-P,167,False,10.1016/0167-2738(86)90179-7,-5.0,False,False
ci1,Li6.0Ti1.2Zr10.8P18.0O72.0,Li6Zr10.8Ti1.2P18O72,Li-O-P-Zr,NASICON,NASICON|Li-O-P-Zr,167,False,10.1016/0167-2738(86)90179-7,-7.251811972993799,False,False
08e,Li6.0Ti10.8Zr1.2P18.0O72.0,Li6Zr1.2Ti10.8P18O72,Li-O-P-Ti,NASICON,NASICON|Li-O-P-Ti,167,False,10.1016/0167-2738(86)90179-7,-7.070581074285707,False,False
xkh,Li6.0Ti0.6Zr11.4P18.0O72.0,Li6Zr11.4Ti0.6P18O72,Li-O-P-Zr,NASICON,NASICON|Li-O-P-Zr,167,False,10.1016/0167-2738(86)90179-7,-7.494850021680094,False,False
wng,Li7.2In1.2Hf10.8P18.0O72.0,Li7.2Hf10.8In1.2P18O72,Hf-Li-O-P,NASICON,NASICON|Hf-Li-O-P,167,False,10.1016/0167-2738(86)90179-7,-5.3979400086720375,False,False
ncr,Li6.0Hf12.0P18.0O72.0,LiHf2(PO4)3,Hf-Li-O-P,NASICON,NASICON|Hf-Li-O-P,167,False,10.1016/0167-2738(93)90387-i,-6.164309428507575,False,False
dx2,Li6.6Fe0.6Hf11.4P18.0O72.0,Li6.6Hf11.4Fe0.6P18O72,Hf-Li-O-P,NASICON,NASICON|Hf-Li-O-P,167,False,10.1016/0167-2738(93)90387-i,-3.9706162223147903,False,False
6xc,Li6.6In0.6Hf11.4P18.0O72.0,Li6.6Hf11.4In0.6P18O72,Hf-Li-O-P,NASICON,NASICON|Hf-Li-O-P,167,False,10.1016/0167-2738(93)90387-i,-4.289882634888183,False,False
21m,Li6.6Lu0.6Hf11.4P18.0O72.0,Li6.6Lu0.6Hf11.4P18O72,Hf-Li-O-P,NASICON,NASICON|Hf-Li-O-P,167,False,10.1016/0167-2738(93)90387-i,-4.230622673923862,False,False
4k1,Li6.6Sc0.6Hf11.4P18.0O72.0,Li6.6Hf11.4Sc0.6P18O72,Hf-Li-O-P,NASICON,NASICON|Hf-Li-O-P,167,False,10.1016/0167-2738(93)90387-i,-4.610833915635467,False,False
gzp,Li7.2Lu1.2Hf10.8P18.0O72.0,Li7.2Lu1.2Hf10.8P18O72,Hf-Li-O-P,NASICON,NASICON|Hf-Li-O-P,167,False,10.1016/0167-2738(93)90387-i,-4.009217308196862,False,False
lh8,Li7.8Cr1.8Hf10.2P18.0O72.0,Li7.8Hf10.2Cr1.8P18O72,Hf-Li-O-P,NASICON,NASICON|Hf-Li-O-P,167,False,10.1016/0167-2738(93)90387-i,-6.279014255846261,False,False
ew5,Li7.8Fe1.8Hf10.2P18.0O72.0,Li7.8Hf10.2Fe1.8P18O72,Hf-Li-O-P,NASICON,NASICON|Hf-Li-O-P,167,False,10.1016/0167-2738(93)90387-i,-4.267606240177032,False,False
9l3,Li7.8In1.8Hf10.2P18.0O72.0,Li7.8Hf10.2In1.8P18O72,Hf-Li-O-P,NASICON,NASICON|Hf-Li-O-P,167,False,10.1016/0167-2738(93)90387-i,-3.8477116556169433,False,False
jdk,Li7.8Lu1.8Hf10.2P18.0O72.0,Li7.8Lu1.8Hf10.2P18O72,Hf-Li-O-P,NASICON,NASICON|Hf-Li-O-P,167,False,10.1016/0167-2738(93)90387-i,-4.448550002027125,False,False
h8a,Li7.8Sc1.8Hf10.2P18.0O72.0,Li7.8Hf10.2Sc1.8P18O72,Hf-Li-O-P,NASICON,NASICON|Hf-Li-O-P,167,False,10.1016/0167-2738(93)90387-i,-4.079876673709276,False,False
jq7,Li7.8Y1.8Hf10.2P18.0O72.0,Li7.8Y1.8Hf10.2P18O72,Hf-Li-O-P,NASICON,NASICON|Hf-Li-O-P,167,False,10.1016/0167-2738(93)90387-i,-4.496209316942819,False,False
ylt,Li8.4In2.4Hf9.6P18.0O72.0,Li8.4Hf9.6In2.4P18O72,Hf-Li-O-P,NASICON,NASICON|Hf-Li-O-P,167,False,10.1016/0167-2738(93)90387-i,-3.8477116556169433,False,False
gnq,Li8.4Lu2.4Hf9.6P18.0O72.0,Li8.4Lu2.4Hf9.6P18O72,Hf-Li-O-P,NASICON,NASICON|Hf-Li-O-P,167,False,10.1016/0167-2738(93)90387-i,-4.686132779630847,False,False
sso,Li8.4Y2.4Hf9.6P18.0O72.0,Li8.4Y2.4Hf9.6P18O72,Hf-Li-O-P,NASICON,NASICON|Hf-Li-O-P,167,False,10.1016/0167-2738(93)90387-i,-4.679853713888946,False,False
lpx,Li6.9Y0.9Zr11.1P18.0O72.0,Li6.9Y0.9Zr11.1P18O72,Li-O-P-Zr,NASICON,NASICON|Li-O-P-Zr,167,True,10.1016/j.jpowsour.2013.03.175,-4.1487416512809245,False,False
f7p,Li7.8Al1.2Y0.6Ti10.2P18.0O72.0,Li7.8Y0.6Ti10.2Al1.2P18O72,Li-O-P-Ti,NASICON,NASICON|Li-O-P-Ti,167,False,10.1016/j.ssi.2012.05.011,-3.9208187539523753,False,False
l8t,Li7.8Al0.6Y1.2Ti10.2P18.0O72.0,Li7.8Y1.2Ti10.2Al0.6P18O72,Li-O-P-Ti,NASICON,NASICON|Li-O-P-Ti,167,False,10.1016/j.ssi.2012.05.011,-4.136677139879544,False,False
3tt,Li7.8Al0.9Y0.9Ti10.2P18.0O72.0,Li7.8Y0.9Ti10.2Al0.9P18O72,Li-O-P-Ti,NASICON,NASICON|Li-O-P-Ti,167,False,10.1016/j.ssi.2012.05.011,-4.721246399047171,False,False
za6,Li6.6Al0.6Ge11.4P18.0O72.0,Li6.6Al0.6Ge11.4P18O72,Ge-Li-O-P,NASICON,NASICON|Ge-Li-O-P,167,False,10.1016/s0955-2219(99)00055-2,-5.5376020021010435,False,False
ag1,Li7.8Al1.8Ge10.2P18.0O72.0,Li7.8Al1.8Ge10.2P18O72,Ge-Li-O-P,NASICON,NASICON|Ge-Li-O-P,167,False,10.1016/s0955-2219(99)00055-2,-4.4089353929735005,False,False
u5t,Li9.0Al3.0Ge9.0P18.0O72.0,Li3AlGe3(PO4)6,Ge-Li-O-P,NASICON,NASICON|Ge-Li-O-P,167,False,10.1016/s0955-2219(99)00055-2,-3.552841968657781,False,False
0y6,Li9.6Al3.6Ge8.4P18.0O72.0,Li9.6Al3.6Ge8.4P18O72,Ge-Li-O-P,NASICON,NASICON|Ge-Li-O-P,167,False,10.1016/s0955-2219(99)00055-2,-3.853871964321762,False,False
yq2,Li6.6Al0.6Ti11.4P18.0O72.0,Li6.6Ti11.4Al0.6P18O72,Li-O-P-Ti,NASICON,NASICON|Li-O-P-Ti,167,True,10.1016/s0955-2219(99)00055-2,-4.522878745280337,False,False
kab,Li7.8Al1.8Ti10.2P18.0O72.0,Li7.8Ti10.2Al1.8P18O72,Li-O-P-Ti,NASICON,NASICON|Li-O-P-Ti,167,True,10.1016/S0955-2219(99)00055-2,-4.425968732272281,False,False
tp2,Li9.6Al3.6Ti8.4P18.0O72.0,Li9.6Ti8.4Al3.6P18O72,Li-O-P-Ti,NASICON,NASICON|Li-O-P-Ti,167,False,10.1016/s0955-2219(99)00055-2,-4.638272163982407,False,False
nf0,Li9.0Al3.0Ti9.0P18.0O72.0,Li3Ti3Al(PO4)6,Li-O-P-Ti,NASICON,NASICON|Li-O-P-Ti,167,False,10.1021/cm010528i,-4.958607314841775,False,False
fkt,Li7.2La1.2Ti10.8P18.0O72.0,Li7.2La1.2Ti10.8P18O72,Li-O-P-Ti,NASICON,NASICON|Li-O-P-Ti,167,False,10.1149/1.2096693,-3.277366077466188,False,False
ctg,Li7.8La1.8Ti10.2P18.0O72.0,Li7.8La1.8Ti10.2P18O72,Li-O-P-Ti,NASICON,NASICON|Li-O-P-Ti,167,False,10.1149/1.2096693,-3.277366077466188,False,False
cmn,Li10.8Cr4.8Ti7.2P18.0O72.0,Li10.8Ti7.2Cr4.8P18O72,Cr-Li-O-P-Ti,NASICON,NASICON|Cr-Li-O-P-Ti,167,False,10.1016/0167-2738(88)90291-3,-3.619788758288394,False,False
lc1,Li7.2Al6.6Ta5.4P18.0O72.0,Li7.2Ta5.4Al6.6P18O72,Al-Li-O-P-Ta,NASICON,NASICON|Al-Li-O-P-Ta,167,False,10.1039/a807007e,-6.187086643357144,False,False
sxv,Li6.0Al6.0Ta6.0P18.0O72.0,LiTaAl(PO4)3,Al-Li-O-P-Ta,NASICON,NASICON|Al-Li-O-P-Ta,167,False,10.1039/a807007e,-6.187086643357144,False,False
4t5,Li6.0Cr6.0Sb6.0P18.0O72.0,LiCrSb(PO4)3,Cr-Li-O-P-Sb,NASICON,NASICON|Cr-Li-O-P-Sb,167,False,10.1063/1.2357843,-9.447331783887806,False,False
smk,Li6.0Al6.0Sb6.0P18.0O72.0,LiAlSb(PO4)3,Al-Li-O-P-Sb,NASICON,NASICON|Al-Li-O-P-Sb,167,False,10.1063/1.2357843,-7.498940737782249,False,False
vtr,Li6.0Fe6.0Sb6.0P18.0O72.0,LiFeSb(PO4)3,Fe-Li-O-P-Sb,NASICON,NASICON|Fe-Li-O-P-Sb,167,False,10.1063/1.2357843,-5.863279432843593,False,False
dc8,Li18.0Mg6.0P8.0O32.0F6.0,Li9Mg3P4O16F3,F-Li-Mg-O-P,fluorophosphates,fluorophosphates|F-Li-Mg-O-P,173,True,10.1039/c3ta15264b,-10.0,True,False
hai,Pb6.12Ca1.9Li1.96P6.0O24.0,Li1.96Ca1.9P6Pb6.12O24,Ca-Li-O-P-Pb,phosphates,phosphates|Ca-Li-O-P-Pb,176,True,10.1006/jssc.2002.9596,-10.0,True,False
ux3,Li0.57Sm9.02Si6.0O25.82,Li0.57Sm9.02Si6O25.82,O-Si-Sm,silicates,silicates|O-Si-Sm,176,True,10.1016/0167-2738(95)00240-5,-10.0,True,False
tvf,Li12.0N8.0H16.0I4.0,Li3H4IN2,H-I-Li-N,hydrides,hydrides|H-I-Li-N,186,True,10.1021/cm1006857,-5.0,False,False
u8r,Ba3.0Li1.0Ta5.0Zr1.0Si4.0O26.0,Ba3LiZrTa5(Si2O13)2,Ba-O-Si-Ta,oxides,oxides|Ba-O-Si-Ta,189,True,10.1016/j.ssi.2015.08.011,-10.0,True,False
gvd,Li3.0N1.0,Li3N,Li-N,nitrides,nitrides|Li-N,191,True,10.1039/c0ee00052c,-3.2390500485891027,False,False
uex,Fe4.0Na4.0K2.0Li6.0Si24.0O60.0,KNa2Li3Fe2(Si2O5)6,Fe-Li-Na-O-Si,sugilites,sugilites|Fe-Li-Na-O-Si,192,True,10.1016/j.jssc.2018.05.008,-10.0,True,False
11b,Li6.0P2.0,Li3P,Li-P,phosphates,phosphates|Li-P,194,True,10.1016/0167-2738(89)90438-4,-3.153044674980176,False,False
fft,Li6.0N2.0,Li3N,Li-N,nitrides,nitrides|Li-N,194,True,10.1016/0167-2738(83)90045-0,-3.6808939406902237,False,False
lf5,Li48.0Ba8.0La16.0Nb16.0O96.0,BaLi6La2Nb2O12,Ba-La-Li-Nb-O,garnet,garnet|Ba-La-Li-Nb-O,199,False,10.1111/j.1551-2916.2005.00060.x,-5.221848749616356,False,False
68u,Li40.0La24.0Nb16.0O96.0,Li5La3Nb2O12,La-Li-Nb-O,garnet,garnet|La-Li-Nb-O,199,True,10.1111/j.1551-2916.2005.00060.x,-5.096910013008056,False,False
gyw,Li48.0Sr8.0La16.0Ta16.0O96.0,SrLi6La2Ta2O12,La-Li-O-Sr-Ta,garnet,garnet|La-Li-O-Sr-Ta,199,False,10.1111/j.1551-2916.2005.00060.x,-5.376750709602099,False,False
0v9,Li44.0La24.0Nb14.0In2.0O96.0,Li22La12Nb7InO48,La-Li-Nb-O,garnet,garnet|La-Li-Nb-O,199,False,10.1016/j.jssc.2005.12.025,-4.619788758288394,False,False
qtc,Li44.0La22.0K2.0Nb16.0O96.0,KLi22La11Nb8O48,La-Li-Nb-O,garnet,garnet|La-Li-Nb-O,199,False,10.1016/j.jssc.2005.12.025,-4.97469413473523,False,False
vy5,K0.4Li3.6Sb4.0O12.0,K0.4Li3.6Sb4O12,Li-O-Sb,oxides,oxides|Li-O-Sb,201,True,10.1016/0167-2738(81)90178-8,-7.866461091629782,False,False
rwr,Li64.0Ge8.0P32.0,Li8GeP4,Ge-Li-P,phosphates,phosphates|Ge-Li-P,205,True,10.1021/acs.chemmater.8b02759,-4.7447274948966935,False,False
pql,Li64.0Si8.0P32.0,Li8SiP4,Li-P-Si,phosphates,phosphates|Li-P-Si,205,True,10.1021/acs.chemmater.8b02759,-4.346787486224656,False,False
br1,Li48.0Al16.0N32.0,Li3AlN2,Al-Li-N,nitrides,nitrides|Al-Li-N,206,True,10.1016/0167-2738(85)90106-7,-7.301029995663981,False,False
dl7,Li8.0Mg4.0Ti12.0O32.0,Li2MgTi3O8,Li-Mg-O-Ti,oxides,oxides|Li-Mg-O-Ti,212,True,10.1039/a800234g,-10.0,True,False
i12,Li8.0Co4.0Ti12.0O32.0,Li2Ti3CoO8,Co-Li-O-Ti,oxides,oxides|Co-Li-O-Ti,212,True,10.1039/a800234g,-10.0,True,False
aui,Li8.0Co4.0Ge12.0O32.0,Li2CoGe3O8,Co-Ge-Li-O,oxides,oxides|Co-Ge-Li-O,212,True,10.1039/a800234g,-10.0,True,False
mfs,Li8.0Zn4.0Ge12.0O32.0,Li2ZnGe3O8,Ge-Li-O-Zn,oxides,oxides|Ge-Li-O-Zn,212,True,10.1039/a800234g,-10.0,True,False
jl4,Li8.56Mg3.16Ti12.28O32.0,Li8.56Mg3.16Ti12.28O32,Li-Mg-O-Ti,oxides,oxides|Li-Mg-O-Ti,212,True,10.1016/j.ssi.2010.06.003,-9.18309616062434,False,False
jkq,Li7.96Mg4.04Ti12.0O32.0,Li7.96Mg4.04Ti12O32,Li-Mg-O-Ti,oxides,oxides|Li-Mg-O-Ti,212,True,10.1016/j.ssi.2010.06.003,-10.8153085691824,False,False
jy6,Li24.0P4.0O20.0Cl4.0,Li6PClO5,Cl-Li-O-P,argyrodites,argyrodites|Cl-Li-O-P,216,True,10.1002/zaac.201000121,-9.0,False,False
yav,Li8.0V4.0Cl16.0,Li2VCl4,Cl-Li-V,cholorides,cholorides|Cl-Li-V,216,True,10.1016/0167-2738(83)90223-0,-5.158015195409886,False,False
9yt,Li24.0P4.0S20.0Cl1.0Br3.0,Li24P4S20Br3Cl,Br-Li-P-S,argyrodites,argyrodites|Br-Li-P-S,216,True,10.1021/jacs.7b06327,-2.7304870557820835,False,False
122,Li24.0P4.0S20.0Cl4.0,Li6PS5Cl,Cl-Li-P-S,argyrodites,argyrodites|Cl-Li-P-S,216,True,10.1021/jacs.7b06327,-2.688246138944246,False,False
ij5,Li24.0P4.0S20.0Cl2.0Br2.0,Li12P2S10BrCl,Li-P-S,argyrodites,argyrodites|Li-P-S,216,True,10.1021/jacs.7b06327,-2.4775557664936803,False,False
6jf,Li24.0P4.0S20.0Br4.0,Li6PS5Br,Br-Li-P-S,argyrodites,argyrodites|Br-Li-P-S,216,True,10.1021/jacs.7b06327,-2.939302159646388,False,False
ymc,Li24.0P4.0S20.0Br2.0I2.0,Li12P2S10IBr,Li-P-S,argyrodites,argyrodites|Li-P-S,216,True,10.1021/jacs.7b06327,-4.581698708680254,False,False
ywe,Li24.0P4.0S20.0I4.0,Li6PS5I,I-Li-P-S,argyrodites,argyrodites|I-Li-P-S,216,True,10.1021/jacs.7b06327,-5.886056647693163,False,False
kgl,Li24.0P4.0S20.0Cl3.0Br1.0,Li24P4S20BrCl3,Cl-Li-P-S,argyrodites,argyrodites|Cl-Li-P-S,216,True,10.1021/jacs.7b06327,-2.6458915608525992,False,False
vqj,Li24.0P4.0S20.0Br3.0I1.0,Li24P4S20IBr3,Br-Li-P-S,argyrodites,argyrodites|Br-Li-P-S,216,True,10.1021/jacs.7b06327,-3.9507819773298185,False,False
h82,Li24.0P4.0S20.0Br1.0I3.0,Li24P4S20I3Br,I-Li-P-S,argyrodites,argyrodites|I-Li-P-S,216,True,10.1021/jacs.7b06327,-5.3260580013659125,False,False
9zr,Li24.0P4.0S20.0Br4.0,Li6PS5Br,Br-Li-P-S,argyrodites,argyrodites|Br-Li-P-S,216,True,10.1039/c7ta08581h,-3.1542819820333414,False,False
a8v,Li24.1P3.9Si0.1S20.0Br4.0,Li24.1Si0.1P3.9S20Br4,Br-Li-P-S,argyrodites,argyrodites|Br-Li-P-S,216,True,10.1039/c7ta08581h,-3.0565054840938974,False,False
09w,Li24.2P3.8Si0.2S20.0Br4.0,Li24.2Si0.2P3.8S20Br4,Br-Li-P-S,argyrodites,argyrodites|Br-Li-P-S,216,True,10.1039/c7ta08581h,-3.359518563029578,False,False
x2v,Li24.3P3.7Si0.3S20.0Br4.0,Li24.3Si0.3P3.7S20Br4,Br-Li-P-S,argyrodites,argyrodites|Br-Li-P-S,216,True,10.1039/c7ta08581h,-3.0589857562944305,False,False
bnh,Li24.4P3.8Si0.4S20.0Br4.0,Li24.4Si0.4P3.8S20Br4,Br-Li-P-S,argyrodites,argyrodites|Br-Li-P-S,216,True,10.1039/c7ta08581h,-3.097453220686009,False,False
x9d,Li24.5P3.5Si0.5S20.0Br4.0,Li24.5Si0.5P3.5S20Br4,Br-Li-P-S,argyrodites,argyrodites|Br-Li-P-S,216,True,10.1039/c7ta08581h,-3.0447934624580584,False,False
ish,Li24.7P3.3Si0.7S20.0Br4.0,Li24.7Si0.7P3.3S20Br4,Br-Li-P-S,argyrodites,argyrodites|Br-Li-P-S,216,True,10.1039/c7ta08581h,-3.0310503190186573,False,False
iiy,Li24.8P3.2Si0.8S20.0Br4.0,Li24.8Si0.8P3.2S20Br4,Br-Li-P-S,argyrodites,argyrodites|Br-Li-P-S,216,True,10.1039/c7ta08581h,-2.7721132953863266,False,False
3zo,Li24.9P3.1Si0.9S20.0Br4.0,Li24.9Si0.9P3.1S20Br4,Br-Li-P-S,argyrodites,argyrodites|Br-Li-P-S,216,True,10.1039/c7ta08581h,-2.96657624451305,False,False
vj7,Li25.0P3.0Si1.0S20.0Br4.0,Li25SiP3(S5Br)4,Br-Li-P-S,argyrodites,argyrodites|Br-Li-P-S,216,True,10.1039/c7ta08581h,-2.85078088734462,False,False
wsd,Li25.2P2.8Si1.2S20.0Br4.0,Li25.2Si1.2P2.8S20Br4,Br-Li-P-S,argyrodites,argyrodites|Br-Li-P-S,216,True,10.1039/c7ta08581h,-2.7825160557860937,False,False
10s,Li25.4P2.6Si1.4S20.0Br4.0,Li25.4Si1.4P2.6S20Br4,Br-Li-P-S,argyrodites,argyrodites|Br-Li-P-S,216,True,10.1039/c7ta08581h,-2.630784142589857,False,False
fkj,Li26.0P2.0Si2.0S20.0Br4.0,Li13SiP(S5Br)2,Br-Li-S,argyrodites,argyrodites|Br-Li-S,216,True,10.1039/c7ta08581h,-2.6595558851598815,False,False
24k,Li28.0Ge12.0P4.0S48.0,Li7Ge3PS12,Ge-Li-P-S,argyrodites,argyrodites|Ge-Li-P-S,216,True,10.1016/j.jssc.2016.12.001,-3.958607314841775,False,False
tt3,Li24.0P4.0S20.0Cl4.0,Li6PS5Cl,Cl-Li-P-S,argyrodites,argyrodites|Cl-Li-P-S,216,False,10.1016/j.ssi.2012.06.008,-2.886056647693163,False,False
nig,Li24.0P4.0S20.0Br4.0,Li6PS5Br,Br-Li-P-S,argyrodites,argyrodites|Br-Li-P-S,216,True,10.1021/acs.inorgchem.8b02443,-2.5575202309355514,False,False
z16,Li24.0P4.0S19.6Se0.4Br4.0,Li24P4Se0.4S19.6Br4,Br-Li-P-S,argyrodites,argyrodites|Br-Li-P-S,216,True,10.1021/acs.inorgchem.8b02443,-2.494850021680094,False,False
hbz,Li24.0P4.0S19.2Se0.8Br4.0,Li24P4Se0.8S19.2Br4,Br-Li-P-S,argyrodites,argyrodites|Br-Li-P-S,216,True,10.1021/acs.inorgchem.8b02443,-2.406713932979543,False,False
uut,Li24.0P4.0S18.8Se1.2Br4.0,Li24P4Se1.2S18.8Br4,Br-Li-P-S,argyrodites,argyrodites|Br-Li-P-S,216,True,10.1021/acs.inorgchem.8b02443,-2.441291429466834,False,False
cju,Li24.0P4.0S18.4Se1.6Br4.0,Li24P4Se1.6S18.4Br4,Br-Li-P-S,argyrodites,argyrodites|Br-Li-P-S,216,True,10.1021/acs.inorgchem.8b02443,-2.438898616350944,False,False
d9l,Li24.0P4.0S18.0Se2.0Br4.0,Li12P2SeS9Br2,Br-Li-P-S,argyrodites,argyrodites|Br-Li-P-S,216,True,10.1021/acs.inorgchem.8b02443,-2.571865205971211,False,False
96f,Li24.0P4.0S17.6Se2.4Br4.0,Li24P4Se2.4S17.6Br4,Br-Li-P-S-Se,argyrodites,argyrodites|Br-Li-P-S-Se,216,True,10.1021/acs.inorgchem.8b02443,-2.555955204081924,False,False
1kq,Li24.0P4.0S17.2Se2.8Br4.0,Li24P4Se2.8S17.2Br4,Br-Li-P-S-Se,argyrodites,argyrodites|Br-Li-P-S-Se,216,True,10.1021/acs.inorgchem.8b02443,-2.5214335044061564,False,False
c6e,Li24.0P4.0S16.8Se3.2Br4.0,Li24P4Se3.2S16.8Br4,Br-Li-P-S-Se,argyrodites,argyrodites|Br-Li-P-S-Se,216,True,10.1021/acs.inorgchem.8b02443,-2.4584207560534193,False,False
t2c,Li24.0P4.0S16.4Se3.6Br4.0,Li24P4Se3.6S16.4Br4,Br-Li-P-S-Se,argyrodites,argyrodites|Br-Li-P-S-Se,216,True,10.1021/acs.inorgchem.8b02443,-2.417936637088291,False,False
dlj,Li24.0P4.0S16.0Se4.0Br4.0,Li6PSeS4Br,Br-Li-P-S-Se,argyrodites,argyrodites|Br-Li-P-S-Se,216,True,10.1021/acs.inorgchem.8b02443,-2.4424927980943423,False,False
w87,Li24.0P4.0S20.0Br4.0,Li6PS5Br,Br-Li-P-S,argyrodites,argyrodites|Br-Li-P-S,216,True,10.1002/pssa.201001117,-4.494850021680094,False,False
97p,Li24.0P4.0S20.0Cl4.0,Li6PS5Cl,Cl-Li-P-S,argyrodites,argyrodites|Cl-Li-P-S,216,True,10.1002/pssa.201001117,-4.481486060122113,False,False
p9u,Li24.0P4.0S20.0I4.0,Li6PS5I,I-Li-P-S,argyrodites,argyrodites|I-Li-P-S,216,True,10.1002/pssa.201001117,-3.657577319177794,False,False
5wz,Li24.0P4.0S20.0I4.0,Li6PS5I,I-Li-P-S,argyrodites,argyrodites|I-Li-P-S,216,True,10.1021/jacs.8b10282,-5.8996294548824375,False,False
5gj,Li24.4P3.6Ge0.4S20.0I4.0,Li24.4Ge0.4P3.6S20I4,I-Li-P-S,argyrodites,argyrodites|I-Li-P-S,216,False,10.1021/jacs.8b10282,-5.052566278112949,False,False
t17,Li24.6P3.4Ge0.6S20.0I4.0,Li24.6Ge0.6P3.4S20I4,I-Li-P-S,argyrodites,argyrodites|I-Li-P-S,216,False,10.1021/jacs.8b10282,-4.405607449624573,False,False
kf7,Li24.8P3.2Ge0.8S20.0I4.0,Li24.8Ge0.8P3.2S20I4,I-Li-P-S,argyrodites,argyrodites|I-Li-P-S,216,False,10.1021/jacs.8b10282,-4.496209316942819,False,False
utv,Li25.0P3.0Ge1.0S20.0I4.0,Li25GeP3(S5I)4,I-Li-P-S,argyrodites,argyrodites|I-Li-P-S,216,False,10.1021/jacs.8b10282,-3.8239087409443187,False,False
q9f,Li25.2P2.8Ge1.2S20.0I4.0,Li25.2Ge1.2P2.8S20I4,I-Li-P-S,argyrodites,argyrodites|I-Li-P-S,216,False,10.1021/jacs.8b10282,-3.1870866433571443,False,False
5qw,Li25.6P2.4Ge1.6S20.0I4.0,Li25.6Ge1.6P2.4S20I4,I-Li-P-S,argyrodites,argyrodites|I-Li-P-S,216,False,10.1021/jacs.8b10282,-2.8239087409443187,False,False
znj,Li26.0P2.0Ge2.0S20.0I4.0,Li13GeP(S5I)2,I-Li-S,argyrodites,argyrodites|I-Li-S,216,False,10.1021/jacs.8b10282,-2.7304870557820835,False,False
pa1,Li26.4P1.6Ge2.4S20.0I4.0,Li26.4Ge2.4P1.6S20I4,Ge-I-Li-S,argyrodites,argyrodites|Ge-I-Li-S,216,True,10.1021/jacs.8b10282,-2.2831622767004753,False,True
lxk,Li26.8P1.2Ge2.8S20.0I4.0,Li26.8Ge2.8P1.2S20I4,Ge-I-Li-S,argyrodites,argyrodites|Ge-I-Li-S,216,True,10.1021/jacs.8b10282,-2.25649023527157,False,True
1m8,Li27.2P0.8Ge3.2S20.0I4.0,Li27.2Ge3.2P0.8S20I4,Ge-I-Li-S,argyrodites,argyrodites|Ge-I-Li-S,216,True,10.1021/jacs.8b10282,-2.58838029403677,False,False
xnb,Li20.0P4.0S16.0B8.0H32.0,Li5B2P(H2S)4,B-H-Li-P-S,argyrodites,argyrodites|B-H-Li-P-S,216,False,10.1021/acsomega.8b00377,-2.744727494896694,False,False
ga9,Li8.0Ce8.0B24.0H96.0Cl8.0,LiCeB3H12Cl,B-Ce-Cl-H-Li,argyrodites,argyrodites|B-Ce-Cl-H-Li,217,True,10.1021/cm300792t,-3.987162775294828,False,False
240,Li64.0Ge8.0P32.0,Li8GeP4,Ge-Li-P,phosphates,phosphates|Ge-Li-P,218,True,10.1021/acs.chemmater.8b02759,-4.0655015487564325,False,False
6l9,Li32.0B56.0O96.0Cl8.0,Li4B7ClO12,B-Cl-Li-O,boracites,boracites|B-Cl-Li-O,219,True,10.1107/s0567740877009443,-5.698970004336019,False,False
mtr,Fe1.28La23.6Li45.44Zr16.0O96.0,Li45.44La23.6Zr16Fe1.28O96,La-Li-O-Zr,garnet,garnet|La-Li-O-Zr,220,True,10.1021/acs.chemmater.6b02516,-3.0291883891274822,False,False
s2v,Fe1.52La23.6Li44.56Zr16.0O96.0,Li44.56La23.6Zr16Fe1.52O96,La-Li-O-Zr,garnet,garnet|La-Li-O-Zr,220,True,10.1021/acs.chemmater.6b02516,-2.8601209135987635,False,False
4p7,Li3.0Cl1.0O1.0,Li3ClO,Cl-Li-O,antiperovskite,antiperovskite|Cl-Li-O,221,True,10.1039/c3ta15087a,-1.6020599913279623,False,True
gas,Li0.31La0.63Ti0.9Co0.1O3.0,Li0.31La0.63Ti0.9Co0.1O3,La-Li-O-Ti,perovskites,perovskites|La-Li-O-Ti,221,True,10.1016/j.mseb.2004.07.003,-3.5850266520291822,False,False
f5n,Li2.0O0.9H0.9F0.1Cl1.0,Li2H0.9Cl1O0.9F0.1,Cl-H-Li-O,antiperovskite,antiperovskite|Cl-H-Li-O,221,False,10.1002/anie.201604554,-4.413412695328245,False,False
hx7,Li2.0O1.0H1.0Br1.0,Li2HBrO,Br-H-Li-O,antiperovskite,antiperovskite|Br-H-Li-O,221,True,10.1002/ange.201604554,-5.920818753952375,False,False
lk8,La0.55Li0.45Ti0.9Al0.1O3.0,Li0.45La0.55Ti0.9Al0.1O3,La-Li-O-Ti,perovskites,perovskites|La-Li-O-Ti,221,True,10.1016/j.jallcom.2017.05.278,-2.8210230527068307,False,False
lud,La0.6Li0.4Ti0.8Al0.2O3.0,Li0.4La0.6Ti0.8Al0.2O3,Al-La-Li-O-Ti,perovskites,perovskites|Al-La-Li-O-Ti,221,True,10.1016/j.jallcom.2017.05.278,-3.245651664288981,False,False
vlm,La0.65Li0.35Ti0.7Al0.3O3.0,Li0.35La0.65Ti0.7Al0.3O3,Al-La-Li-O-Ti,perovskites,perovskites|Al-La-Li-O-Ti,221,True,10.1016/j.jallcom.2017.05.278,-3.7931741239681505,False,False
gwu,La0.7Li0.3Ti0.6Al0.4O3.0,Li0.3La0.7Ti0.6Al0.4O3,Al-La-Li-O-Ti,perovskites,perovskites|Al-La-Li-O-Ti,221,True,10.1016/j.jallcom.2017.05.278,-6.982966660701219,False,False
oi4,Li0.38Sr0.44Hf0.25Ta0.75O3.0,Sr0.44Li0.38Hf0.25Ta0.75O3,Hf-Li-O-Sr-Ta,perovskites,perovskites|Hf-Li-O-Sr-Ta,221,False,10.1021/acsami.6b03070,-3.42021640338319,False,False
lcx,La0.6Sr0.06Li0.06Ti1.0O3.0,Sr0.06Li0.06La0.6Ti1O3,La-O-Ti,perovskites,perovskites|La-O-Ti,221,False,10.1021/cm020609u,-4.94692155651658,False,False
mam,La0.56Sr0.1Li0.1Ti1.0O3.0,Sr0.1Li0.1La0.56Ti1O3,La-O-Ti,perovskites,perovskites|La-O-Ti,221,False,10.1021/cm020609u,-4.863279432843593,False,False
0jx,La0.51Sr0.15Li0.15Ti1.0O3.0,Sr0.15Li0.15La0.51Ti1O3,La-O-Ti,perovskites,perovskites|La-O-Ti,221,False,10.1021/cm020609u,-4.275724130399211,False,False
lyq,La0.41Sr0.25Li0.25Ti1.0O3.0,Sr0.25Li0.25La0.41Ti1O3,La-Li-O-Sr-Ti,perovskites,perovskites|La-Li-O-Sr-Ti,221,False,10.1021/cm020609u,-4.11690664142431,False,False
2tt,La0.39Sr0.28Li0.28Ti1.0O3.0,Sr0.28Li0.28La0.39Ti1O3,La-Li-O-Sr-Ti,perovskites,perovskites|La-Li-O-Sr-Ti,221,False,10.1021/cm020609u,-4.218963061378868,False,False
xy0,La0.36Sr0.3Li0.3Ti1.0O3.0,Sr0.3Li0.3La0.36Ti1O3,La-Li-O-Sr-Ti,perovskites,perovskites|La-Li-O-Sr-Ti,221,False,10.1021/cm020609u,-4.716698771296451,False,False
epv,La0.58Li0.27Ti1.0O3.0,Li0.27La0.58Ti1O3,La-Li-O-Ti,perovskites,perovskites|La-Li-O-Ti,221,False,10.1016/s0167-2738(98)00070-8,-3.079876673709276,False,False
v7r,La0.56Li0.33Ti1.0O3.0,Li0.33La0.56Ti1O3,La-Li-O-Ti,perovskites,perovskites|La-Li-O-Ti,221,False,10.1016/s0167-2738(98)00070-8,-2.886056647693163,False,False
yhc,La0.55Li0.36Ti1.0O3.0,Li0.36La0.55Ti1O3,La-Li-O-Ti,perovskites,perovskites|La-Li-O-Ti,221,False,10.1016/s0167-2738(98)00070-8,-2.812479279163537,False,False
q3c,La0.54Li0.39Ti1.0O3.0,Li0.39La0.54Ti1O3,La-Li-O-Ti,perovskites,perovskites|La-Li-O-Ti,221,False,10.1016/s0167-2738(98)00070-8,-2.9030899869919438,False,False
pdv,La0.52Li0.45Ti1.0O3.0,Li0.45La0.52Ti1O3,La-Li-O-Ti,perovskites,perovskites|La-Li-O-Ti,221,False,10.1016/s0167-2738(98)00070-8,-3.1051303432547472,False,False
sv7,La0.51Li0.34Ti1.0O2.94,Li0.34La0.51Ti1O2.94,La-Li-O-Ti,perovskites,perovskites|La-Li-O-Ti,221,False,10.1016/0167-2738(94)90309-3,-3.0,False,False
qbb,Li3.0O1.0Br1.0,Li3BrO,Br-Li-O,antiperovskite,antiperovskite|Br-Li-O,221,True,10.1016/j.ssi.2015.11.027,-5.958607314841775,False,False
o23,Li0.25La0.25Ta1.0O3.0,Li0.25La0.25Ta1O3,La-Li-O-Ta,perovskites,perovskites|La-Li-O-Ta,221,False,10.1016/s0167-2738(98)00414-7,-4.583359492661719,False,False
w1l,Li0.5Sr0.5Cr0.25Ta0.75O3.0,Sr0.5Li0.5Ta0.75Cr0.25O3,Cr-Li-O-Sr-Ta,perovskites,perovskites|Cr-Li-O-Sr-Ta,221,False,10.1016/s0378-7753(97)02645-1,-4.221848749616356,False,False
jce,Li0.5Sr0.5Fe0.25Ta0.75O3.0,Sr0.5Li0.5Ta0.75Fe0.25O3,Fe-Li-O-Sr-Ta,perovskites,perovskites|Fe-Li-O-Sr-Ta,221,False,10.1016/s0378-7753(97)02645-1,-4.0,False,False
9ph,Li0.76La2.68Ti3.6Co0.4O12.0,Li0.76La2.68Ti3.6Co0.4O12,La-O-Ti,perovskites,perovskites|La-O-Ti,225,True,10.1016/j.mseb.2004.07.003,-3.96657624451305,False,False
kkn,Li24.0N4.0Br12.0,Li6Br3N,Br-Li-N,halides,halides|Br-Li-N,225,True,10.1016/j.jallcom.2015.01.082,-8.0,False,False
m0v,Li10.72Ti13.28O32.0,Li10.72Ti13.28O32,Li-O-Ti,oxides,oxides|Li-O-Ti,227,True,10.1016/j.ssi.2010.06.003,-7.219682687859849,False,False
6du,Li10.14Mg0.8Ti13.07O32.0,Li10.14Mg0.8Ti13.07O32,Li-O-Ti,oxides,oxides|Li-O-Ti,227,True,10.1016/j.ssi.2010.06.003,-7.761953896871205,False,False
u0c,Li9.6Mg1.6Ti12.8O32.0,Li9.6Mg1.6Ti12.8O32,Li-O-Ti,oxides,oxides|Li-O-Ti,227,True,10.1016/j.ssi.2010.06.003,-8.372634143407268,False,False
xub,Li9.12Mg2.4Ti12.48O32.0,Li9.12Mg2.4Ti12.48O32,Li-Mg-O-Ti,oxides,oxides|Li-Mg-O-Ti,227,True,10.1016/j.ssi.2010.06.003,-8.821023052706831,False,False
bjw,Li16.0Mn8.0Cl32.0,Li2MnCl4,Cl-Li-Mn,chlorides,chlorides|Cl-Li-Mn,227,True,10.1016/0167-2738(83)90223-0,-5.319664486585437,False,False
dvn,Li16.0Mg8.0Cl32.0,Li2MgCl4,Cl-Li-Mg,chlorides,chlorides|Cl-Li-Mg,227,True,10.1016/0167-2738(83)90223-0,-6.204815410317576,False,False
t3k,Li15.2Mn7.2Ga0.8Cl32.0,Li15.2Mn7.2Ga0.8Cl32,Cl-Li-Mn,chlorides,chlorides|Cl-Li-Mn,227,True,10.1016/s0167-2738(96)00592-9,-6.6252516539898965,False,False
uxi,Li13.2Mn5.2In2.8Cl32.0,Li13.2Mn5.2In2.8Cl32,Cl-In-Li-Mn,chlorides,chlorides|Cl-In-Li-Mn,227,True,10.1016/s0167-2738(96)00592-9,-7.00436480540245,False,False
r5y,Li1.6Cd8.0Cl32.0,Li1.6Cd8Cl32,Cd-Cl,chlorides,chlorides|Cd-Cl,227,False,10.1016/0025-5408(81)90142-2,-6.236572006437063,False,False
ek5,Li8.0Sr8.0Nb16.0O48.0F8.0,SrLiNb2O6F,F-Li-Nb-O-Sr,pyrochlore,pyrochlore|F-Li-Nb-O-Sr,227,True,10.2497/jjspm.65.26,-10.0,True,False
xut,Li8.0Sr8.0Ta16.0O48.0F8.0,SrLiTa2O6F,F-Li-O-Sr-Ta,pyrochlore,pyrochlore|F-Li-O-Sr-Ta,227,True,10.2497/jjspm.65.26,-10.0,True,False
ckw,Li8.0Sr7.2Nb16.0O48.0F6.4,Sr7.2Li8Nb16O48F6.4,F-Li-Nb-O-Sr,pyrochlore,pyrochlore|F-Li-Nb-O-Sr,227,True,10.2497/jjspm.65.26,-10.0,True,False
yab,Li8.0Sr7.2Ta16.0O48.0F6.4,Sr7.2Li8Ta16O48F6.4,F-Li-O-Sr-Ta,pyrochlore,pyrochlore|F-Li-O-Sr-Ta,227,True,10.2497/jjspm.65.26,-10.0,True,False
ysm,Li8.8Sr8.0Nb15.2Zr0.8O48.0F8.0,Sr8Li8.8Zr0.8Nb15.2O48F8,F-Li-Nb-O-Sr,pyrochlore,pyrochlore|F-Li-Nb-O-Sr,227,True,10.2497/jjspm.65.26,-10.0,True,False
e81,Li8.8Sr8.0Ta15.2Zr0.8O48.0F8.0,Sr8Li8.8Zr0.8Ta15.2O48F8,F-Li-O-Sr-Ta,pyrochlore,pyrochlore|F-Li-O-Sr-Ta,227,True,10.2497/jjspm.65.26,-10.0,True,False
3qz,Li56.0La24.0Zr16.0O96.0,Li7La3Zr2O12,La-Li-O-Zr,unknown,unknown|La-Li-O-Zr,230,False,10.1039/c2jm31413d,-3.9208187539523753,False,False
cjq,Li48.0Sr8.0La16.0Nb16.0O96.0,SrLi6La2Nb2O12,La-Li-Nb-O-Sr,unknown,unknown|La-Li-Nb-O-Sr,230,False,10.1111/j.1551-2916.2005.00060.x,-5.376750709602099,False,False
uaz,Li48.0Ca8.0La16.0Nb16.0O96.0,Li6CaLa2Nb2O12,Ca-La-Li-Nb-O,garnet,garnet|Ca-La-Li-Nb-O,230,True,10.1111/j.1551-2916.2005.00060.x,-5.795880017344075,False,False
aax,Li42.0Ba2.0La22.0Ta16.0O96.0,BaLi21La11Ta8O48,La-Li-O-Ta,garnet,garnet|La-Li-O-Ta,230,False,10.1007/s11581-007-0097-8,-5.130181792020672,False,False
o86,Li44.0Ba4.0La20.0Ta16.0O96.0,BaLi11La5Ta4O24,La-Li-O-Ta,garnet,garnet|La-Li-O-Ta,230,False,10.1007/s11581-007-0097-8,-4.85078088734462,False,False
coi,Li50.0Ba10.0La14.0Ta16.0O96.0,Ba5Li25La7Ta8O48,Ba-La-Li-O-Ta,garnet,garnet|Ba-La-Li-O-Ta,230,False,10.1007/s11581-007-0097-8,-4.30189945437661,False,False
3vi,Li52.0Ba12.0La12.0Ta16.0O96.0,Ba3Li13La3Ta4O24,Ba-La-Li-O-Ta,garnet,garnet|Ba-La-Li-O-Ta,230,False,10.1007/s11581-007-0097-8,-4.511449283499556,False,False
vwn,Li54.0Ba14.0La10.0Ta16.0O96.0,Ba7Li27La5Ta8O48,Ba-La-Li-O-Ta,garnet,garnet|Ba-La-Li-O-Ta,230,False,10.1007/s11581-007-0097-8,-4.928117992693875,False,False
tlp,Li56.0Ba16.0La8.0Ta16.0O96.0,Ba2Li7LaTa2O12,Ba-La-Li-O-Ta,garnet,garnet|Ba-La-Li-O-Ta,230,False,10.1007/s11581-007-0097-8,-5.54515513999149,False,False
ka6,Li40.0La24.0Ta16.0O96.0,Li5La3Ta2O12,La-Li-O-Ta,garnet,garnet|La-Li-O-Ta,230,True,10.1007/s11581-007-0097-8,-5.179798540514359,False,False
7o7,Li48.0Ba8.0La16.0Ta16.0O96.0,BaLi6La2Ta2O12,Ba-La-Li-O-Ta,garnet,garnet|Ba-La-Li-O-Ta,230,True,10.1007/s11581-007-0097-8,-4.530177984021837,False,False
d6f,Li56.0La24.0Zr15.12Al1.2O96.0,Li56La24Zr15.12Al1.2O96,La-Li-O-Zr,garnet,garnet|La-Li-O-Zr,230,False,10.1016/j.jpowsour.2013.03.049,-3.4685210829577446,False,False
dvs,Li56.48La24.0Y0.48Zr15.52O96.0,Li56.48La24Y0.48Zr15.52O96,La-Li-O-Zr,garnet,garnet|La-Li-O-Zr,230,False,10.1016/j.elecom.2011.08.014,-3.0915149811213505,False,False
3o4,Li50.0La24.0Zr16.0Ga2.0O96.0,Li25La12Zr8GaO48,La-Li-O-Zr,garnet,garnet|La-Li-O-Zr,230,False,10.1016/j.matchemphys.2012.03.054,-3.4559319556497243,False,False
kji,Li51.2La24.0Zr11.2Ta4.8O96.0,Li51.2La24Zr11.2Ta4.8O96,La-Li-O-Zr,garnet,garnet|La-Li-O-Zr,230,True,10.1039/c2jm31413d,-3.0,False,False
gdr,Li49.6La24.0Zr9.6Ta6.4O96.0,Li49.6La24Zr9.6Ta6.4O96,La-Li-O-Zr,garnet,garnet|La-Li-O-Zr,230,True,10.1039/c2jm31413d,-3.494850021680094,False,False
v1q,Li54.4La24.0Zr14.4Ta1.6O96.0,Li54.4La24Zr14.4Ta1.6O96,La-Li-O-Zr,garnet,garnet|La-Li-O-Zr,230,False,10.1149/2.024205esl,-3.136677139879544,False,False
4vd,Li54.0La24.0Zr14.0Ta2.0O96.0,Li27La12Zr7TaO48,La-Li-O-Zr,garnet,garnet|La-Li-O-Zr,230,False,10.1149/2.024205esl,-3.2006594505464183,False,False
5xk,Li53.2La24.0Zr13.2Ta2.8O96.0,Li53.2La24Zr13.2Ta2.8O96,La-Li-O-Zr,garnet,garnet|La-Li-O-Zr,230,False,10.1149/2.024205esl,-3.337242168318426,False,False
2wb,Li52.8La24.0Zr12.8Ta3.2O96.0,Li52.8La24Zr12.8Ta3.2O96,La-Li-O-Zr,garnet,garnet|La-Li-O-Zr,230,True,10.1149/2.024205esl,-3.3279021420642825,False,False
zfg,Li52.4La24.0Zr12.4Ta3.6O96.0,Li52.4La24Zr12.4Ta3.6O96,La-Li-O-Zr,garnet,garnet|La-Li-O-Zr,230,False,10.1149/2.024205esl,-3.3979400086720375,False,False
6hq,Li48.0La24.0Zr8.0Ta8.0O96.0,Li6La3ZrTaO12,La-Li-O-Ta-Zr,garnet,garnet|La-Li-O-Ta-Zr,230,False,10.1149/2.024205esl,-3.4559319556497243,False,False
hcm,Li40.0La24.0Ta16.0O96.0,Li5La3Ta2O12,La-Li-O-Ta,garnet,garnet|La-Li-O-Ta,230,True,10.1149/2.024205esl,-4.468521082957745,False,False
e6a,Li53.6La24.0Zr13.6Ta2.4O96.0,Li53.6La24Zr13.6Ta2.4O96,La-Li-O-Zr,garnet,garnet|La-Li-O-Zr,230,True,10.1149/2.024205esl,-3.161150909262745,False,False
g5q,Li52.0La24.0Zr12.0Ta4.0O96.0,Li13La6Zr3TaO24,La-Li-O-Zr,garnet,garnet|La-Li-O-Zr,230,True,10.1149/2.024205esl,-3.552841968657781,False,False
4ie,Li48.4Ga2.0La24.0Zr16.0O94.4F1.6,Li48.4La24Zr16Ga2O94.4F1.6,La-Li-O-Zr,garnet,garnet|La-Li-O-Zr,230,True,10.1021/acsami.8b17656,-2.8927900303521317,False,False
5z8,Li45.76Al2.08La24.0Zr12.0W2.0O96.0,Li45.76La24Zr12Al2.08W2O96,La-Li-O-Zr,garnet,garnet|La-Li-O-Zr,230,False,10.1021/acs.chemmater.5b02429,-3.309803919971486,False,False
5d6,Li54.4La24.0Zr15.2Mo0.8O96.0,Li54.4La24Zr15.2Mo0.8O96,La-Li-O-Zr,garnet,garnet|La-Li-O-Zr,230,False,10.1021/acs.inorgchem.5b01895,-4.096910013008056,False,False
ciq,Li52.8La24.0Zr14.4Mo1.6O96.0,Li52.8La24Zr14.4Mo1.6O96,La-Li-O-Zr,garnet,garnet|La-Li-O-Zr,230,False,10.1021/acs.inorgchem.5b01895,-3.5072396109731625,False,False
suz,Li51.2La24.0Zr13.6Mo2.4O96.0,Li51.2La24Zr13.6Mo2.4O96,La-Li-O-Zr,garnet,garnet|La-Li-O-Zr,230,False,10.1021/acs.inorgchem.5b01895,-3.43297363384094,False,False
1tk,Li49.6La24.0Zr12.8Mo3.2O96.0,Li49.6La24Zr12.8Mo3.2O96,La-Li-O-Zr,garnet,garnet|La-Li-O-Zr,230,False,10.1021/acs.inorgchem.5b01895,-3.4685210829577446,False,False
9o6,Li52.0La24.0Zr14.0Mo2.0O96.0,Li26La12Zr7MoO48,La-Li-O-Zr,garnet,garnet|La-Li-O-Zr,230,True,10.1021/acs.inorgchem.5b01895,-3.4775557664936803,False,False
r07,Li54.0La24.0Zr15.0Te1.0O96.0,Li54La24Zr15TeO96,La-Li-O-Zr,garnet,garnet|La-Li-O-Zr,230,False,10.1016/j.jpowsour.2013.03.166,-3.4814860601221125,False,False
uht,Li52.0La24.0Zr14.0Te2.0O96.0,Li26La12Zr7TeO48,La-Li-O-Zr,garnet,garnet|La-Li-O-Zr,230,False,10.1016/j.jpowsour.2013.03.166,-2.9913998282380825,False,False
kbq,Li40.0La24.0Bi16.0O96.0,Li5La3(BiO6)2,Bi-La-Li-O,garnet,garnet|Bi-La-Li-O,230,True,10.1016/j.mseb.2007.07.009,-4.721246399047171,False,False
uw9,Li48.0La16.0Sr8.0Bi16.0O96.0,SrLi6La2(BiO6)2,Bi-La-Li-O-Sr,garnet,garnet|Bi-La-Li-O-Sr,230,True,10.1016/j.mseb.2007.07.009,-4.698970004336019,False,False
vqu,Li40.0Nd24.0Sb16.0O96.0,Li5Nd3(SbO6)2,Li-Nd-O-Sb,garnet,garnet|Li-Nd-O-Sb,230,True,10.1016/j.materresbull.2007.04.002,-6.886056647693163,False,False
lpt,Li32.0Nd24.0Te8.0Sb8.0O96.0,Li4Nd3SbTeO12,Li-Nd-O-Sb-Te,garnet,garnet|Li-Nd-O-Sb-Te,230,True,10.1021/cm703677q,-8.060480747381382,False,False
xog,Li40.0La24.0Sb16.0O96.0,Li5La3(SbO6)2,La-Li-O-Sb,garnet,garnet|La-Li-O-Sb,230,True,10.1016/j.materresbull.2007.10.035,-5.107905397309519,False,False
bi3,Li48.0Sr8.0La16.0Sb16.0O96.0,SrLi6La2(SbO6)2,La-Li-O-Sb-Sr,garnet,garnet|La-Li-O-Sb-Sr,230,True,10.1016/j.materresbull.2007.10.035,-5.200659450546418,False,False
gcj,Li48.0La16.0Ca8.0Nb16.0O96.0,Li6CaLa2Nb2O12,Ca-La-Li-Nb-O,garnet,garnet|Ca-La-Li-Nb-O,230,True,10.1016/j.ssi.2008.01.047,-5.876148359032914,False,False
20k,Li48.0La16.0Sr8.0Nb16.0O96.0,SrLi6La2Nb2O12,La-Li-Nb-O-Sr,garnet,garnet|La-Li-Nb-O-Sr,230,True,10.1016/j.ssi.2008.01.047,-5.432973633840939,False,False
jej,Li48.0Ca8.0La16.0Ta16.0O96.0,Li6CaLa2Ta2O12,Ca-La-Li-O-Ta,garnet,garnet|Ca-La-Li-O-Ta,230,True,10.1016/j.ssi.2008.10.022,-5.657577319177793,False,False
hud,Li48.0Ba8.0La16.0Ta16.0O96.0,BaLi6La2Ta2O12,Ba-La-Li-O-Ta,garnet,garnet|Ba-La-Li-O-Ta,230,True,10.1016/j.ssi.2008.10.022,-4.886056647693163,False,False
4uu,Li49.2La24.0Zr14.0Ta2.0Ga1.6O96.0,Li49.2La24Zr14Ta2Ga1.6O96,La-Li-O-Zr,garnet,garnet|La-Li-O-Zr,230,False,10.1016/j.jpowsour.2012.01.131,-3.3872161432802645,False,False
sdz,Li49.2La24.0Zr14.0Ta2.0Al1.6O96.0,Li49.2La24Zr14Ta2Al1.6O96,La-Li-O-Zr,garnet,garnet|La-Li-O-Zr,230,False,10.1016/j.jpowsour.2012.01.131,-3.431798275933005,False,False
7w5,Li54.0La24.0Zr14.0Ta2.0O96.0,Li27La12Zr7TaO48,La-Li-O-Zr,garnet,garnet|La-Li-O-Zr,230,True,10.1016/j.jpowsour.2012.01.131,-3.0604807473813813,False,False
etz,Li56.0La24.0Zr16.0O96.0,Li7La3Zr2O12,La-Li-O-Zr,unknown,unknown|La-Li-O-Zr,230,True,10.1039/c1cp22108f,-5.705533773838407,False,False
ner,Li48.0Ba8.0La16.0Ta16.0O96.0,BaLi6La2Ta2O12,Ba-La-Li-O-Ta,garnet,garnet|Ba-La-Li-O-Ta,230,True,10.1016/j.materresbull.2012.04.032,-4.772113295386326,False,False
z2s,Nd24.0Zr16.0Al4.0Li44.0O96.0,Li11Nd6Zr4AlO24,Li-Nd-O-Zr,garnet,garnet|Li-Nd-O-Zr,230,True,10.1039/c3ta13252h,-4.4089353929735005,False,False
72f,Li50.08Al1.92La24.0Zr16.0O96.0,Li50.08La24Zr16Al1.92O96,La-Li-O-Zr,garnet,garnet|La-Li-O-Zr,230,True,10.1016/j.ssi.2015.04.011,-3.677780705266081,False,False
j5g,Li48.0La24.0Nb12.0Y4.0O96.0,Li12La6YNb3O24,La-Li-Nb-O,garnet,garnet|La-Li-Nb-O,230,True,10.1021/jp304737x,-3.72584215073632,False,False
dvb,Li41.6La24.0Nb15.2Y0.8O96.0,Li41.6La24Y0.8Nb15.2O96,La-Li-Nb-O,garnet,garnet|La-Li-Nb-O,230,True,10.1021/jp304737x,-4.1944991418416,False,False
cti,Li43.2La24.0Nb14.4Y1.6O96.0,Li43.2La24Y1.6Nb14.4O96,La-Li-Nb-O,garnet,garnet|La-Li-Nb-O,230,True,10.1021/jp304737x,-4.17134010346468,False,False
2d1,Li44.0La24.0Nb14.0Y2.0O96.0,Li22La12YNb7O48,La-Li-Nb-O,garnet,garnet|La-Li-Nb-O,230,True,10.1021/jp304737x,-4.037157318798758,False,False
sqm,Li48.0Ba4.0Sr4.0La16.0Ta16.0O96.0,BaSrLi12La4Ta4O24,La-Li-O-Ta,garnet,garnet|La-Li-O-Ta,230,True,10.1021/am4060194,-5.1487416512809245,False,False
zxr,Li48.0Sr8.0La16.0Ta16.0O96.0,SrLi6La2Ta2O12,La-Li-O-Sr-Ta,garnet,garnet|La-Li-O-Sr-Ta,230,True,10.1021/am4060194,-5.267606240177032,False,False
h89,Li48.0Ba8.0La16.0Ta16.0O96.0,BaLi6La2Ta2O12,Ba-La-Li-O-Ta,garnet,garnet|Ba-La-Li-O-Ta,230,True,10.1021/am4060194,-4.823908740944319,False,False
l9r,Li48.0Ca8.0La16.0Ta16.0O96.0,Li6CaLa2Ta2O12,Ca-La-Li-O-Ta,garnet,garnet|Ca-La-Li-O-Ta,230,True,10.1021/am4060194,-5.657577319177793,False,False
544,Li48.0Ba8.0La16.0Ta16.0O96.0,BaLi6La2Ta2O12,Ba-La-Li-O-Ta,garnet-like,garnet-like|Ba-La-Li-O-Ta,199,False,10.1002/adfm.200400044,-4.3979400086720375,False,False
ps0,Li48.0Sr8.0La16.0Ta16.0O96.0,SrLi6La2Ta2O12,La-Li-O-Sr-Ta,garnet-like,garnet-like|La-Li-O-Sr-Ta,199,False,10.1002/adfm.200400044,-5.154901959985743,False,False
ueu,Li45.92La24.0Zr12.0Ta4.0O96.0,Li45.92La24Zr12Ta4O96,La-Li-O-Zr,garnet,garnet|La-Li-O-Zr,230,True,10.1002/aenm.201570062|10.1002/aenm.201500096,-3.0443122496864943,False,False
uwh,La24.0Li40.64Ta12.08Zr3.12O96.0,Li40.64La24Zr3.12Ta12.08O96,La-Li-O-Ta,garnet,garnet|La-Li-O-Ta,230,True,10.1002/aenm.201570062|10.1002/aenm.201500096,-3.987162775294828,False,False
wa3,Li51.2Al1.6La24Zr16O96,Li51.2La24Zr16Al1.6O96,La-Li-O-Zr,garnet,garnet|La-Li-O-Zr,230,True,10.1038/srep18053,-3.595166283380062,False,False
l6h,Li49.6Al1.6La24Zr14.4Ta1.6O96,Li49.6La24Zr14.4Ta1.6Al1.6O96,La-Li-O-Zr,garnet,garnet|La-Li-O-Zr,230,True,10.1038/srep18053,-3.211831628858832,False,False
gz8,Li40.0La24.0Ta16.0O96.0,Li5La3Ta2O12,La-Li-O-Ta,garnet,garnet|La-Li-O-Ta,230,True,10.1021/acs.inorgchem.7b00816,-4.798602875679548,False,False
419,Li42.4La24.0Ta14.8Sm1.2O96.0,Li42.4La24Sm1.2Ta14.8O96,La-Li-O-Ta,garnet,garnet|La-Li-O-Ta,230,True,10.1021/acs.inorgchem.7b00816,-5.148130399270234,False,False
c0g,Li44.0La24.0Ta14.0Sm2.0O96.0,Li22La12SmTa7O48,La-Li-O-Ta,garnet,garnet|La-Li-O-Ta,230,True,10.1021/acs.inorgchem.7b00816,-5.286509456906058,False,False
kbu,Li45.6La24.0Ta13.2Sm2.8O96.0,Li45.6La24Sm2.8Ta13.2O96,La-Li-O-Ta,garnet,garnet|La-Li-O-Ta,230,True,10.1021/acs.inorgchem.7b00816,-4.667561540084395,False,False
fam,Li47.2La24.0Ta12.4Sm3.6O96.0,Li47.2La24Sm3.6Ta12.4O96,La-Li-O-Ta,garnet,garnet|La-Li-O-Ta,230,True,10.1021/acs.inorgchem.7b00816,-4.928117992693875,False,False
dae,Li48.8La24.0Ta11.6Sm4.4O96.0,Li48.8La24Sm4.4Ta11.6O96,La-Li-O-Ta,garnet,garnet|La-Li-O-Ta,230,True,10.1021/acs.inorgchem.7b00816,-4.853871964321762,False,False
9p1,Li56.0La24.0Zr16.0O96.0,Li7La3Zr2O12,La-Li-O-Zr,unknown,unknown|La-Li-O-Zr,230,False,10.1016/j.ssi.2010.12.010,-3.2448877336049287,False,False
gkl,Li40.0La24.0Nb16.0O96.0,Li5La3Nb2O12,La-Li-Nb-O,garnet,garnet|La-Li-Nb-O,230,True,10.1016/j.jpowsour.2011.05.031,-5.294136287716081,False,False
ijh,Li40.0La24.0Nb15.6Y0.4O96.0,Li40La24Y0.4Nb15.6O96,La-Li-Nb-O,garnet,garnet|La-Li-Nb-O,230,False,10.1016/j.jpowsour.2011.05.031,-4.872895201635193,False,False
q46,Li40.0La24.0Nb15.2Y0.8O96.0,Li40La24Y0.8Nb15.2O96,La-Li-Nb-O,garnet,garnet|La-Li-Nb-O,230,False,10.1016/j.jpowsour.2011.05.031,-4.841637507904751,False,False
8m3,Li40.0La24.0Nb14.8Y1.2O96.0,Li40La24Y1.2Nb14.8O96,La-Li-Nb-O,garnet,garnet|La-Li-Nb-O,230,False,10.1016/j.jpowsour.2011.05.031,-5.243363891754152,False,False
zyx,Li40.0La24.0Nb14.4Y1.6O96.0,Li40La24Y1.6Nb14.4O96,La-Li-Nb-O,garnet,garnet|La-Li-Nb-O,230,False,10.1016/j.jpowsour.2011.05.031,-5.039529222465701,False,False
qvu,Li40.0La24.0Nb14.0Y2.0O96.0,Li20La12YNb7O48,La-Li-Nb-O,garnet,garnet|La-Li-Nb-O,230,False,10.1016/j.jpowsour.2011.05.031,-5.014124642691606,False,False
v07,La24.0Zr16.0Ga4.0Li44.0O96.0,Li11La6Zr4GaO24,La-Li-O-Zr,garnet,garnet|La-Li-O-Zr,230,False,10.1039/c2dt31318a,-4.0,False,False
whw,Li54.4La24.0Zr14.4Sb1.6O96.0,Li54.4La24Zr14.4Sb1.6O96,La-Li-O-Zr,garnet,garnet|La-Li-O-Zr,230,False,10.1039/c3cp50991e,-4.229147988357856,False,False
duf,Li52.8La24.0Zr12.8Sb3.2O96.0,Li52.8La24Zr12.8Sb3.2O96,La-Li-O-Zr,garnet,garnet|La-Li-O-Zr,230,True,10.1039/c3cp50991e,-3.113509274827518,False,False
dll,Li51.2La24.0Zr11.2Sb4.8O96.0,Li51.2La24Zr11.2Sb4.8O96,La-Li-O-Zr,garnet,garnet|La-Li-O-Zr,230,False,10.1039/c3cp50991e,-3.1804560644581312,False,False
i90,Li49.6La24.0Zr9.6Sb6.4O96.0,Li49.6La24Zr9.6Sb6.4O96,La-Li-O-Zr,garnet,garnet|La-Li-O-Zr,230,False,10.1039/c3cp50991e,-3.3467874862246565,False,False
dm9,Li48.0La24.0Zr8.0Sb8.0O96.0,Li6La3ZrSbO12,La-Li-O-Sb-Zr,garnet,garnet|La-Li-O-Sb-Zr,230,False,10.1039/c3cp50991e,-3.5850266520291822,False,False
bqx,Li24.0Nd24.0Te16.0O96.0,Li3Nd3(TeO6)2,Li-Nd-O-Te,garnet,garnet|Li-Nd-O-Te,230,False,10.1021/cm060992t,-10.0,True,False
32j,Li56.0La24.0Hf16.0O96.0,Li7La3Hf2O12,Hf-La-Li-O,garnet,garnet|Hf-La-Li-O,230,False,10.1007/s11581-010-0486-2,-3.619788758288394,False,False
z53,Li52.8La24.0Zr12.8Ta3.2O96.0,Li52.8La24Zr12.8Ta3.2O96,La-Li-O-Zr,garnet,garnet|La-Li-O-Zr,230,False,10.1021/am503731h,-3.5044556624535517,False,False
8y4,Li52.8La23.0Y1.0Zr12.8Ta3.2O96.0,Li52.8La23Y1Zr12.8Ta3.2O96,La-Li-O-Zr,garnet,garnet|La-Li-O-Zr,230,False,10.1021/am503731h,-3.4989407377822483,False,False
ucw,Li52.8La22.0Y2.0Zr12.8Ta3.2O96.0,Li52.8La22Y2Zr12.8Ta3.2O96,La-Li-O-Zr,garnet,garnet|La-Li-O-Zr,230,False,10.1021/am503731h,-3.360513510731414,False,False
ff9,Li52.8La20.0Y4.0Zr12.8Ta3.2O96.0,Li52.8La20Y4Zr12.8Ta3.2O96,La-Li-O-Zr,garnet,garnet|La-Li-O-Zr,230,False,10.1021/am503731h,-3.6458915608525992,False,False
2mn,Li56.0La24.0Zr16.0O96.0,Li7La3Zr2O12,La-Li-O-Zr,garnet,garnet|La-Li-O-Zr,230,False,10.1002/anie.200701144,-3.291579099865287,False,False
8ee,Li51.2Al1.52La24.0Zr16.0O94.4,Li51.2La24Zr16Al1.52O94.4,La-Li-O-Zr,unknown,unknown|La-Li-O-Zr,230,False,10.1016/j.jpowsour.2012.02.100,-3.5086383061657274,False,False
8k7,Li40.0La24.0Ta16.0O96.0,Li5La3Ta2O12,La-Li-O-Ta,garnet,garnet|La-Li-O-Ta,230,False,10.1016/j.ssi.2009.11.015,-5.812479279163537,False,False
b7v,Li40.0La24.0Bi16.0O96.0,Li5La3(BiO6)2,Bi-La-Li-O,garnet,garnet|Bi-La-Li-O,230,False,10.1016/j.ssi.2017.03.030,-4.657577319177793,False,False
66a,Li54.0La24.0Zr14.0Nb2.0O96.0,Li27La12Zr7NbO48,La-Li-O-Zr,garnet,garnet|La-Li-O-Zr,230,False,10.1016/j.jpowsour.2010.11.089,-3.0969100130080562,False,False
3rh,Li52.0La24.0Nb10.0Y6.0O96.0,Li26La12Y3Nb5O48,La-Li-Nb-O,garnet,garnet|La-Li-Nb-O,230,True,10.1021/jp304737x,-3.5686362358410126,False,False
kh3,Li52.0La24.0Zr12.0Ta4.0O96.0,Li13La6Zr3TaO24,La-Li-O-Zr,unknown,unknown|La-Li-O-Zr,230,True,10.1039/c2jm31413d,-3.036212172654445,False,False
zqx,Li52.8La24.0Zr12.8Ta3.2O96.0,Li52.8La24Zr12.8Ta3.2O96,La-Li-O-Zr,unknown,unknown|La-Li-O-Zr,230,False,10.1039/c2jm31413d,-3.136677139879544,False,False
o5q,Li54.4La24.0Zr14.4Ta1.6O96.0,Li54.4La24Zr14.4Ta1.6O96,La-Li-O-Zr,unknown,unknown|La-Li-O-Zr,230,True,10.1039/c2jm31413d,-3.552841968657781,False,False
0ew,Li48.0La24.0Zr8.0Ta8.0O96.0,Li6La3ZrTaO12,La-Li-O-Ta-Zr,unknown,unknown|La-Li-O-Ta-Zr,230,False,10.1039/c2jm31413d,-3.795880017344075,False,False
a6v,Li43.2La24.0Nb14.4Y6.0O96.0,Li43.2La24Y6Nb14.4O96,La-Li-Nb-O,unknown,unknown|La-Li-Nb-O,230,False,10.1021/jp304737x,-4.600326278518962,False,False
tbj,Li40.0La24.0Sb16.0O96.0,Li5La3(SbO6)2,La-Li-O-Sb,garnet,garnet|La-Li-O-Sb,230,True,10.1016/j.ssi.2008.01.002,-5.47755576649368,False,False
dbs,Li52.0La24.0Zr12.0Ta4.0O96.0,Li13La6Zr3TaO24,La-Li-O-Zr,garnet,garnet|La-Li-O-Zr,230,False,10.3389/fenrg.2016.00028,-3.1001794975729036,False,False
bt0,Li52.0La23.6Ba0.4Zr11.6Ta4.4O96.0,Ba0.4Li52La23.6Zr11.6Ta4.4O96,La-Li-O-Zr,garnet,garnet|La-Li-O-Zr,230,False,10.3389/fenrg.2016.00028,-3.079876673709276,False,False
dti,Li52.0La23.2Ba0.8Zr11.2Ta4.8O96.0,Ba0.8Li52La23.2Zr11.2Ta4.8O96,La-Li-O-Zr,garnet,garnet|La-Li-O-Zr,230,False,10.3389/fenrg.2016.00028,-3.078833949362261,False,False
7gm,Li52.0La22.4Ba1.6Zr10.4Ta5.6O96.0,Ba1.6Li52La22.4Zr10.4Ta5.6O96,La-Li-O-Zr,garnet,garnet|La-Li-O-Zr,230,False,10.3389/fenrg.2016.00028,-3.1999706407558657,False,False
c71,Li52.0La21.6Ba2.4Zr9.6Ta6.4O96.0,Ba2.4Li52La21.6Zr9.6Ta6.4O96,La-Li-O-Zr,garnet,garnet|La-Li-O-Zr,230,False,10.3389/fenrg.2016.00028,-3.3080348972326394,False,False
rgo,Li56.0La24.0Ta16.0O104.0,Li7La3Ta2O13,La-Li-O-Ta,garnet,garnet|La-Li-O-Ta,230,False,10.1016/j.ssi.2009.07.002,-5.576754126063192,False,False
ar1,Li16.0Sn4.0S12.0Se4.0,Li4SnSeS3,Li-S-Se-Sn,unknown,unknown|Li-S-Se-Sn,62,True,10.1021/acs.chemmater.0c04150,-4.1249387366083,False,False
cz2,Li16.0Sn4.0S4.0Se12.0,Li4SnSe3S,Li-S-Se-Sn,unknown,unknown|Li-S-Se-Sn,62,True,10.1021/acs.chemmater.0c04150,-6.022276394711152,False,False
klr,Li16.0Sn4.0S8.0Se8.0,Li4Sn(SeS)2,Li-S-Se-Sn,unknown,unknown|Li-S-Se-Sn,62,True,10.1021/acs.chemmater.0c04150,-4.443697499232712,False,False
mn3,Li16.0Sn4.0Se16.0,Li4SnSe4,Li-Se-Sn,unknown,unknown|Li-Se-Sn,62,True,10.1021/acs.chemmater.0c04150,-7.346787486224656,False,False
o0a,Li16.0Ge3.0Sn1.0Se16.0,Li16SnGe3Se16,Ge-Li-Se,unknown,unknown|Ge-Li-Se,62,True,10.1021/acs.chemmater.0c04150,-5.221848749616356,False,False
qer,Li16.0Ge2.0Sn2.0Se16.0,Li8SnGeSe8,Ge-Li-Se-Sn,unknown,unknown|Ge-Li-Se-Sn,62,True,10.1021/acs.chemmater.0c04150,-5.7447274948966935,False,False
aab,Li16.0Ge1.0Sn3.0Se16.0,Li16Sn3GeSe16,Li-Se-Sn,unknown,unknown|Li-Se-Sn,62,True,10.1021/acs.chemmater.0c04150,-6.080921907623926,False,False
1ty,Li16.0Ge4.0S12.0Se4.0,Li4GeSeS3,Ge-Li-S-Se,unknown,unknown|Ge-Li-S-Se,62,True,10.1021/acs.chemmater.0c04150,-5.070581074285707,False,False
zv5,Li16.0Ge4.0S8.0Se8.0,Li4Ge(SeS)2,Ge-Li-S-Se,unknown,unknown|Ge-Li-S-Se,62,True,10.1021/acs.chemmater.0c04150,-4.552841968657781,False,False
xk3,Li16.0Ge4.0Se16.0,Li4GeSe4,Ge-Li-Se,unknown,unknown|Ge-Li-Se,62,True,10.1021/acs.chemmater.0c04150,-5.301029995663981,False,False
i4l,Li16.0Ge4.0S4.0Se12.0,Li4GeSe3S,Ge-Li-S-Se,unknown,unknown|Ge-Li-S-Se,62,True,10.1021/acs.chemmater.0c04150,-4.823908740944319,False,False
zzr,Li20.0Ge2.0P4.0S24.0,Li10Ge(PS6)2,Ge-Li-P-S,unknown,unknown|Ge-Li-P-S,137,True,10.1021/jacs.0c10735,-2.1191864077192086,False,True
kop,Li20.0Ge1.32Sn0.66P4.0S24.0,Li20Sn0.66Ge1.32P4S24,Li-P-S,unknown,unknown|Li-P-S,137,True,10.1021/jacs.0c10735,-2.193820026016113,False,True
rty,Li20.0Ge0.66Sn1.32P4.0S24.0,Li20Sn1.32Ge0.66P4S24,Li-P-S,unknown,unknown|Li-P-S,137,True,10.1021/jacs.0c10735,-2.318758762624413,False,False
kko,Li20.0Sn2.0P4.0S24.0,Li10Sn(PS6)2,Li-P-S-Sn,unknown,unknown|Li-P-S-Sn,137,True,10.1021/jacs.0c10735,-2.42021640338319,False,False
